url,title,partner,enroll,rating,level,duration,skills,reviews,category
https://www.coursera.org/specializations/writing-and-producing-music-in-your-home-studio,Writing and Producing Music in Your Home Studio Specialization,Berklee,"3,912",4.8,Beginner level,4 weeks to complete,"Editing, Media Production, Music, Music Performance, Music Theory, Musical Composition, Organizational Skills, Peer Review, Performing Arts, Post-Production, Storytelling, Technology Solutions, Writing","3,241",Arts and Humanities
https://www.coursera.org/learn/fashion-design,Fashion as Design,The Museum of Modern Art,"294,406",4.8,Beginner level,2 weeks at 10 hours a week,"Research, Design, Sustainability Standards, Cultural Diversity, Aesthetics, Social Impact, Art History, Ethical Standards And Conduct, Creativity, Non-Verbal Communication, World History","3,054",Arts and Humanities
https://www.coursera.org/learn/freelance-editor-marketing-attract-your-ideal-clients,Freelance Editor Marketing: Attract Your Ideal Clients,Skillshare,,,,,"Instagram, Creativity, Social Media Marketing, Professional Development, Marketing Collateral, Customer Engagement, Branding, Video Editing, Social Media, Portfolio Management",,Arts and Humanities
https://www.coursera.org/learn/bei-lun,悖论：思维的魔方,Peking University,"7,764",4.8,Beginner level,4 weeks to complete,"Research, Creativity, Psychology, Deductive Reasoning, Behavioral Economics, Logical Reasoning, Social Studies, Ancient History, Cultural Diversity",45,Arts and Humanities
https://www.coursera.org/learn/magic-middle-ages,Magic in the Middle Ages,Universitat de Barcelona,"142,160",4.6,Beginner level,,"Cultural Diversity, Anthropology, Investigation, European History, Art History, World History, Research","1,767",Arts and Humanities
https://www.coursera.org/learn/contemporary-palestinian-history,Contemporary Palestinian History,Utrecht University,"2,882",4.7,Beginner level,1 week to complete,"Political Sciences, World History, International Relations, Conflict Management, Governance, Legal Research, Diplomacy, Cultural Responsiveness, Social Sciences, Economics, Policy, and Social Studies",28,Arts and Humanities
https://www.coursera.org/learn/watch-me-design-a-pattern-collection-creative-struggles,Watch Me Design a Pattern Collection: Creative Struggles,Skillshare,,,Intermediate level,,"Creativity, Graphic and Visual Design, Design, Creative Design, Design Elements And Principles, Journals, Design Thinking, Design Strategies",,Arts and Humanities
https://www.coursera.org/learn/shakespeare-twelfth-night-comedy-community-applied,"William Shakespeare's Twelfth Night: Comedy, Conflict, and Community",University of Colorado Boulder,"6,589",4.6,Beginner level,3 weeks to complete,"Performing Arts, Storytelling, Creativity, Community and Social Work, Community Outreach, Liberal Arts, European History",31,Arts and Humanities
https://www.coursera.org/learn/misses-jesuticas-nos-territrios-guaranis-vida-cotidiana,II. Missões Jesuíticas nos territórios guaranis: o cotidiano,Universidade de São Paulo,,,,2 weeks to complete,"World History, Intercultural Competence, Music History, Public History, Education and Training, Music, Art History, Medical Science and Research, Cultural Sensitivity, Cultural Diversity, Social Studies",,Arts and Humanities
https://www.coursera.org/learn/3d-lighting-101-with-nomad-sculpt,3D Lighting 101 with Nomad Sculpt,Skillshare,,,Beginner level,,"Color Theory, 3D Assets, 3D Modeling, Visualization (Computer Graphics), Computer Graphic Techniques, Image Quality, Design Elements And Principles",,Arts and Humanities
https://www.coursera.org/learn/jump-start-to-screenwriting-write-your-first-script,Jump-Start to Screenwriting: Write Your First Script,Skillshare,,,Beginner level,,"Storyboarding, Storytelling, Writing, Creativity, Video Production",,Arts and Humanities
https://www.coursera.org/specializations/libertarian-free-will,Libertarian Free Will Specialization,Dartmouth College,"1,737",4.8,Beginner level,4 weeks to complete,"Anatomy, Anthropology, Liberal Arts, Biology, Creativity, Critical Thinking, Culture, Ethical Standards And Conduct, Experimentation, Governance, Human Learning, Mindfulness, Neurology, Physiology, Psychology, Research, Science and Research, Social Sciences, Sociology, Systems Thinking",26,Arts and Humanities
https://www.coursera.org/learn/design-language,The Language of Design: Form and Meaning,California Institute of the Arts,"132,430",4.6,Beginner level,,"Typography, Design Elements And Principles, Design Thinking, Peer Review, Graphic Design, Design, Visual Design, Design Reviews",905,Arts and Humanities
https://www.coursera.org/learn/holocaust-introduction-2,The Holocaust - An Introduction (II): The Final Solution,Tel Aviv University,"23,382",4.9,,,,665,Arts and Humanities
https://www.coursera.org/learn/ageofjefferson,Age of Jefferson,University of Virginia,"28,828",4.7,Beginner level,1 week at 10 hours a week,"Social Studies, Writing, Public History, Social Justice, Education and Training, Public Policies, Ethical Standards And Conduct, Advocacy, Political Sciences, World History",461,Arts and Humanities
https://www.coursera.org/learn/fundamentals-of-graphic-design,Fundamentals of Graphic Design,California Institute of the Arts,"886,458",4.8,Beginner level,1 week at 10 hours a week,"Color Theory, Creative Design, Visual Design, Creativity, Graphic and Visual Design, Image Analysis, Conceptual Design, Aesthetics, Computer Graphic Techniques, Photography, Creative Thinking","18,359",Arts and Humanities
https://www.coursera.org/learn/history-of-rock-2,"History of Rock, Part Two",University of Rochester,"21,311",4.8,Beginner level,1 week at 10 hours a week,"Music History, Music, World Music, World History, Performing Arts, Media Production",472,Arts and Humanities
https://www.coursera.org/learn/fonts-typography-spacing,"Textual Elements of Design: Fonts, Typography, and Spacing",University of Colorado Boulder,"22,463",4.7,Beginner level,1 week at 10 hours a week,"Typography, Design, Graphic Design, Layout Design, Graphic and Visual Design Software, Color Theory, Design Elements And Principles",291,Arts and Humanities
https://www.coursera.org/specializations/koreanphilosophy-essentials,Korean Philosophy Essentials Specialization,Sungkyunkwan University,"1,590",4.8,Beginner level,8 weeks to complete,"Ancient History, Anthropology, Liberal Arts, Cultural Diversity, Culture, Diagram Design, Discussion Facilitation, Intercultural Competence, Language Competency, Language Learning, Literacy, Research, Social Studies, World History",237,Arts and Humanities
https://www.coursera.org/learn/soulbeliefs2,Soul Beliefs: Causes and Consequences - Unit 2: Belief Systems,Rutgers the State University of New Jersey,"17,588",4.6,,2 weeks to complete,"Scientific Methods, Science and Research, Ancient History, Research, Psychology, Neurology, Sociology, Biology, Political Sciences, Anthropology, Cultural Diversity",173,Arts and Humanities
https://www.coursera.org/learn/moses,Moses' Face: Moses' images as reflected in Jewish literature,Hebrew University of Jerusalem,"7,120",4.7,,4 weeks to complete,"Cultural Diversity, Storytelling, Timelines, Research, Public History, Ancient History, Art History, Liberal Arts",69,Arts and Humanities
https://www.coursera.org/learn/davinci-resolve-19-masterclass-audio--visual-polish,DaVinci Resolve 19 Masterclass: Audio & Visual Polish,Skillshare,,,,,"Cinematography, Editing, Music, Storytelling, Post-Production, Color Theory, Timelines, Video Editing, Web Content Accessibility Guidelines",,Arts and Humanities
https://www.coursera.org/specializations/progmusical,Programación musical con software libre Specialization,Universidad Nacional Autónoma de México,,4.7,Beginner level,4 weeks to complete,"Algorithms, Creative Design, Data Import/Export, Development Environment, Digital Communications, Digital Signal Processing, Electronic Components, Electronics, Embedded Systems, Hardware Design, Instrumental Music, Interoperability, Music, Music Theory, Musical Composition, Other Programming Languages, Performance Tuning, Programming Principles, System Configuration",58,Arts and Humanities
https://www.coursera.org/specializations/landscape-photography,Landscape Photography Specialization,Skillshare,,4.5,Beginner level,4 weeks to complete,"Aesthetics, Creative Thinking, Creativity, Critical Thinking, Design Elements And Principles, Global Positioning Systems, Landscape Architecture, Photo Editing, Photo/Video Production and Technology, Photography, Planning, Research, Storytelling, Timelines",6,Arts and Humanities
https://www.coursera.org/specializations/learn-cinematography,Learn Cinematography Specialization,Skillshare,,,Beginner level,4 weeks to complete,"Cinematography, Content Creation, Creativity, Image Quality, Music, Photo/Video Production and Technology, Photography, Podcasting, Post-Production, Storyboarding, Storytelling, Video Production, Videography",,Arts and Humanities
https://www.coursera.org/learn/public-art-pedagogy,ART of the MOOC: Public Art and Pedagogy,Duke University,"18,378",4.7,Beginner level,,"Blended Learning, Art History, Peer Review, Aesthetics, Political Sciences, Social Impact, Photography, Community Development, Pedagogy, Interactive Learning, Social Sciences, Case Studies, Digital pedagogy, Creativity",129,Arts and Humanities
https://www.coursera.org/learn/medieval-arabia,The Cosmopolitan Medieval Arabic World,Universiteit Leiden,"25,558",4.8,Beginner level,2 weeks at 10 hours a week,"Ancient History, Economics, Research, Political Sciences, Cultural Diversity, World History, Liberal Arts, Science and Research, Social Sciences, European History",440,Arts and Humanities
https://www.coursera.org/specializations/musico-moderno,El Músico Moderno Specialization,Berklee,"6,720",4.8,Beginner level,2 months to complete,"Creativity, Editing, File Management, Instrumental Music, Media Production, Music, Music Performance, Music Theory, Musical Composition, Peer Review, Post-Production, Storytelling, System Configuration, Writing, Writing and Editing",782,Arts and Humanities
https://www.coursera.org/learn/mind-of-the-universe-genetic-privacy,Mind of the Universe - Genetic Privacy: should we be concerned?,Universiteit Leiden,"3,762",4.1,Beginner level,1 week to complete,"Biotechnology, Data Ethics, Culture, Liberal Arts, Ethical Standards And Conduct, Policy Analysis, Healthcare Ethics, Medical Privacy, Healthcare Industry Knowledge, Policy Development, Informed Consent, Cultural Diversity",16,Arts and Humanities
https://www.coursera.org/learn/develop-your-musicianship,Developing Your Musicianship,Berklee,"84,077",4.8,,1 week to complete,"Instrumental Music, Music Theory, Musical Composition, Music, Music Performance","1,299",Arts and Humanities
https://www.coursera.org/learn/tang-poems,唐詩新思路 (Tang Poetry),National Taiwan University,"19,217",4.9,Beginner level,2 weeks at 10 hours a week,"Ancient History, Creativity, Psychology, Writing, Storytelling, Aesthetics, Art History",621,Arts and Humanities
https://www.coursera.org/specializations/startyourfreelancevideoeditingcareer,Start Your Freelance Video Editing Career Specialization,Skillshare,"1,925",4.1,Beginner level,4 weeks to complete,"Active Listening, Client Services, Constructive Feedback, Customer Relationship Building, Data Management, Data Storage, Expectation Management, File Management, Instagram, Post-Production, Rapport Building, Relationship Management, Sales Presentation, Self-Motivation, Social Media, Social Media Marketing, Storyboarding, Style Guides, Video Editing",9,Arts and Humanities
https://www.coursera.org/learn/artful-practices-for-well-being,Artful Practices for Well-Being,The Museum of Modern Art,"14,009",4.9,Beginner level,2 weeks at 10 hours a week,"Self-Awareness, Storytelling, Empathy, Personal Development, Stress Management, Compassion, Resilience, Curiosity, Creativity, Optimism, Emotional Intelligence, Mindfulness",26,Arts and Humanities
https://www.coursera.org/learn/fons-antic-ub-perspectiva-de-gnere,EL FONS ANTIC DE LA UB AMB PERSPECTIVA DE GÈNERE,Universitat de Barcelona,,,,,,,Arts and Humanities
https://www.coursera.org/learn/scandinavian-movies-tv,Scandinavian Film and Television,University of Copenhagen,"25,377",4.7,Beginner level,2 weeks at 10 hours a week,"World History, Storytelling, Electronic Media, Cinematography, Cultural Diversity, Social Sciences, Media and Communications, Liberal Arts, Video Production",603,Arts and Humanities
https://www.coursera.org/learn/mediterraneanhistory,"The Mediterranean, a Space of Exchange (from the Renaissance to Enlightenment)",Universitat de Barcelona,"19,249",4.4,,2 weeks to complete,"World History, Political Sciences, Cultural Diversity, European History, Sociology, International Relations, Economics, Art History",228,Arts and Humanities
https://www.coursera.org/learn/black-performance-as-social-protest,Black Performance as Social Protest,University of Michigan,,,Beginner level,2 weeks to complete,"Advocacy, Performing Arts, Creativity, Cultural Diversity, Writing, Social Justice, Music, Storytelling, World History",,Arts and Humanities
https://www.coursera.org/learn/thomas-berry,The Worldview of Thomas Berry:  The Flourishing of the Earth Community,Yale University,"7,282",4.7,,3 weeks to complete,"Social Studies, Environment, Environmental Issue, Storytelling, Environmental Science, Sustainable Development, Culture, Systems Thinking, Sustainable Systems, Liberal Arts, Diversity Awareness",139,Arts and Humanities
https://www.coursera.org/learn/blackness-architecture,Reimagining Blackness and Architecture,The Museum of Modern Art,"9,972",4.8,Beginner level,1 week at 10 hours a week,"Art History, Storytelling, Social Justice, Cultural Responsiveness, Public History, Liberal Arts, Creativity, Community Development, Cultural Diversity, Diversity Equity and Inclusion Initiatives",75,Arts and Humanities
https://www.coursera.org/learn/game-design-document,Game Design Document: Define the Art & Concepts,California Institute of the Arts,"9,570",4.7,Intermediate level,2 weeks at 10 hours a week,"Creativity, Peer Review, Ideation, Software Design Documents, Game Design, Usability Testing, Conceptual Design, Graphic and Visual Design, Prototyping, Visualization (Computer Graphics)",295,Arts and Humanities
https://www.coursera.org/learn/exploring-beethoven-piano-sonatas-2,Exploring Beethoven’s Piano Sonatas Part 2,Curtis Institute of Music,"10,504",5.0,Beginner level,,"Music, Music Theory, Musical Composition, Music History, Classical Music",167,Arts and Humanities
https://www.coursera.org/specializations/tecnologia-musical,Tecnología musical con software libre Specialization,Universidad Nacional Autónoma de México,"3,914",4.8,Intermediate level,4 weeks to complete,"Aesthetics, Algorithms, Creativity, Data Sharing, Digital Publishing, Digital Signal Processing, Electronic Components, Electronics, Embedded Systems, Hardware Design, Instrumental Music, Media Production, Music, Music History, Music Theory, Musical Composition, Open Source Technology, Post-Production, System Configuration",264,Arts and Humanities
https://www.coursera.org/learn/after-effects-vfx-special-effects-videos-for-social-media,After Effects VFX: Special Effects Videos for Social Media,Skillshare,,,,,"Ideation, Color Matching, Video Production, Cinematography, Storyboarding, Video Editing, Creativity, Content Creation, Post-Production, Motion Graphics",,Arts and Humanities
https://www.coursera.org/learn/modern-art-ideas,Modern Art & Ideas,The Museum of Modern Art,"481,558",4.8,Beginner level,,"Multimedia, Design, Photography, Storytelling, Liberal Arts, Creativity, Aesthetics, Art History, Social Impact","6,902",Arts and Humanities
https://www.coursera.org/learn/litterature-mondiale,Littérature mondiale,University of Geneva,"3,249",4.7,Intermediate level,2 weeks to complete,"Teaching, Intercultural Competence, Cultural Diversity, Culture, World History, Liberal Arts, Aesthetics, Pedagogy",35,Arts and Humanities
https://www.coursera.org/learn/ux-design-open-content-shell,Introduction to UX Design MasterTrack Certificate Program,University of Minnesota,"12,925",4.1,Beginner level,,"User Research, User Centered Design, Graphic and Visual Design, Information Architecture, Design Research, Ethical Standards And Conduct, Design Thinking, User Experience Design, Usability Testing, Data Ethics, Human Centered Design",45,Arts and Humanities
https://www.coursera.org/learn/video-editing-efficiency-enhance-your-editing-workflow,Video Editing Efficiency: Enhance Your Editing Workflow,Skillshare,,,,,"Instagram, Content Creation, Data Management, Video Editing, File Management, Post-Production, Data Storage",,Arts and Humanities
https://www.coursera.org/learn/how-to-make-a-movie-pitch-deck-to-finance-your-film-idea,How To Make A Movie Pitch Deck To Finance Your Film Idea,Skillshare,,,Beginner level,,"Business Writing, Concision, Proposal Writing, Target Audience, Marketing, Storytelling, Presentations, Sales Presentations, Promotional Strategies",,Arts and Humanities
https://www.coursera.org/learn/sonidos-digitales,Sonidos digitales: síntesis y procesamiento en el computador,Pontificia Universidad Católica de Chile,,,Intermediate level,2 weeks to complete,"Instrumental Music, Music Theory, Digital Signal Processing, Algorithms, Vibrations, Musical Composition, Music, Software Development Tools",,Arts and Humanities
https://www.coursera.org/learn/building-your-brand-sustaining-growth-and-networking,"Building Your Brand, Sustaining Growth and Networking",GRAMMY GO,,,Beginner level,,"Brand Strategy, Brand Marketing, Sustainable Business, Digital Marketing, Budget Management, Professional Networking, Growth Strategies, Promotional Strategies, Strategic Partnership, Brand Awareness, Business Relationship Management, Music Performance, Relationship Building, Marketing Strategies, Resilience",,Arts and Humanities
https://www.coursera.org/learn/sequence-and-editing,The Art of Filmmaking: Sequence and Editing,California Institute of the Arts,,,Beginner level,2 weeks to complete,"Cinematography, Storytelling, Video Editing, Video Production, Editing, Adobe Premiere, Videography, Timelines, Creativity",,Arts and Humanities
https://www.coursera.org/specializations/ai-canva-essentials,Canva Essentials Specialization,Board Infinity ,,,Beginner level,12 weeks to complete,"Animations, Brand Marketing, Brand Strategy, Branding, Color Theory, Content Marketing, Content Performance Analysis, Graphic and Visual Design, Graphic and Visual Design Software, Layout Design, Logo Design, Marketing, Marketing Automation, Marketing Design, Marketing Strategies, Scalability, Style Guides, Typography",,Arts and Humanities
https://www.coursera.org/learn/beginners-guide-to-adobe-after-effects-core-tools--setup,Beginner's Guide to Adobe After Effects: Core Tools & Setup,Skillshare,,,,,"Animations, Timelines, Motion Graphics, File Management, Video Editing",,Arts and Humanities
https://www.coursera.org/learn/introduction-to-german-opera,Introduction to German Opera,Dartmouth College,,,,2 weeks to complete,"Classical Music, Music Performance, Performing Arts, Music Theory, Musical Composition, Music History, Music",,Arts and Humanities
https://www.coursera.org/learn/photography,Seeing Through Photographs,The Museum of Modern Art,"418,294",4.8,Beginner level,2 weeks at 10 hours a week,"Public History, Culture, Photography, Art History, Media and Communications, Social Justice, Storytelling","4,506",Arts and Humanities
https://www.coursera.org/learn/idea-of-a-university,大學之理念 (The Idea of a University),National Taiwan University,,,Beginner level,2 weeks to complete,"Policy Analysis, International Relations, Cultural Diversity, World History, Social Sciences, Political Sciences, Governance, Socioeconomics, Education and Training, Higher Education, Economics",,Arts and Humanities
https://www.coursera.org/learn/poetry-prose-novel,現代文學導讀：詩、散文、小說,National Taiwan University,"4,117",4.6,Beginner level,,"Liberal Arts, Writing, World History, Storytelling, Aesthetics",50,Arts and Humanities
https://www.coursera.org/learn/vocal-production,The Art of Vocal Production,Berklee,"42,977",4.7,Beginner level,1 week at 10 hours a week,"Media Production, Music Theory, Music, Editing, Musical Composition, Post-Production, Music Performance",375,Arts and Humanities
https://www.coursera.org/learn/luther-and-the-west,Luther and the West,Northwestern University,"9,584",4.6,,2 weeks to complete,"World History, European History, Social Justice, Socioeconomics, Cultural Diversity, Political Sciences, Social Impact",104,Arts and Humanities
https://www.coursera.org/specializations/musico-contmporaneo,O Músico Contemporâneo Specialization,Berklee,,4.9,Beginner level,4 weeks to complete,"Classical Music, Collaboration, Creativity, Digital Signal Processing, Editing, Instrumental Music, Media Production, Music, Music Performance, Music Theory, Musical Composition, Peer Review, Planning, Post-Production, Timelines, Writing, Writing and Editing",89,Arts and Humanities
https://www.coursera.org/learn/church-administration-foundations-theology,Church Administration Foundations,Duke University,,,Beginner level,,"Cultural Diversity, Delegation Skills, Leadership Development, Financial Management, Administration, Human Resources Management and Planning, Organizational Strategy, Organizational Leadership, Strategic Planning, Time Management",,Arts and Humanities
https://www.coursera.org/specializations/the-creative-reset-clarity-productivity-and-structure,"The Creative Reset: Clarity, Productivity & Structure Specialization",Skillshare,,,Beginner level,4 weeks to complete,"Adaptability, Brainstorming, Creative Problem-Solving, Creativity, Goal Setting, Growth Mindedness, Mental Concentration, Mindfulness, Organizational Skills, Personal Development, Planning, Prioritization, Productivity, Resilience, Self-Awareness, Self-Motivation, Stress Management, Time Management",,Arts and Humanities
https://www.coursera.org/learn/video-game-story,Story and Narrative Development for Video Games,California Institute of the Arts,"51,663",4.7,Beginner level,1 week at 10 hours a week,"Storyboarding, Video Game Development, Writing, Game Design, Creativity, Software Design Documents, Storytelling, Ideation","1,278",Arts and Humanities
https://www.coursera.org/learn/thought-experiments,Thought Experiments: An introduction to philosophy,Erasmus University Rotterdam,"6,315",3.9,Intermediate level,2 weeks to complete,"Psychology, Social Justice, Systems Thinking, Ethical Standards And Conduct, Case Studies, Diversity Awareness, Discussion Facilitation, Research, Liberal Arts, Political Sciences, Economics, Policy, and Social Studies, Creativity",22,Arts and Humanities
https://www.coursera.org/learn/plato,Ancient Philosophy: Plato & His Predecessors,University of Pennsylvania,"126,071",4.8,,2 months to complete,"General Science and Research, Ancient History, Scientific Methods, Liberal Arts, Mathematics Education, Ethical Standards And Conduct, Governance","1,599",Arts and Humanities
https://www.coursera.org/learn/russian-history-lenin-putin,Russian History: from Lenin to Putin,"University of California, Santa Cruz","59,096",4.7,Beginner level,1 week at 10 hours a week,"World History, Political Sciences, Governance, European History, Economics, International Relations, Social Sciences",815,Arts and Humanities
https://www.coursera.org/learn/the-talmud,The Talmud: A Methodological Introduction,Northwestern University,"19,715",4.6,,2 weeks to complete,"Ancient History, Research, Legal Research, Cultural Responsiveness, Liberal Arts, Research Methodologies",298,Arts and Humanities
https://www.coursera.org/learn/the-10-second-filmmaker-storytelling-10-seconds-at-a-time,The 10-Second Filmmaker: Storytelling 10 Seconds at a Time,Skillshare,,,Beginner level,,"Video Production, Editing, Cinematography, Creativity, Storytelling, Writing, Storyboarding",,Arts and Humanities
https://www.coursera.org/learn/analyze-churn-design-onboarding-success,"Analyze Churn, Design Onboarding Success",Coursera,,,Intermediate level,,"Performance Measurement, Data Analysis, Benchmarking, Descriptive Analytics, Root Cause Analysis, Analysis, Performance Metric, Customer experience strategy (CX), Trend Analysis, Customer Analysis, Predictive Analytics, Key Performance Indicators (KPIs), Pareto Chart, Customer Retention, Consumer Behaviour, Data-Driven Decision-Making, Business Metrics, Customer Insights",,Arts and Humanities
https://www.coursera.org/learn/foundations-of-time-and-space,The Art of Filmmaking: Foundations of Time and Space,California Institute of the Arts,"2,540",4.9,Beginner level,2 weeks to complete,"Design Elements And Principles, Editing, Creativity, Video Editing, Video Production, Aesthetics, Storytelling, Adobe Premiere, Cinematography",10,Arts and Humanities
https://www.coursera.org/learn/cultural-competence-aboriginal-sydney,Cultural Competence - Aboriginal Sydney,The University of Sydney,"15,331",4.8,Beginner level,1 week at 10 hours a week,"Cultural Sensitivity, Diversity Awareness, Public History, Cultural Diversity, Social Justice, Community Development, Social Studies, Anthropology, Intercultural Competence, Land Management",300,Arts and Humanities
https://www.coursera.org/learn/odesa,"Odesa, Ukraine: Jews in the Modern World","University of California, Santa Cruz","1,900",4.7,Beginner level,1 week to complete,"European History, Socioeconomics, Art History, Economics, World History, Labor Law, Social Justice, Immigration Law, Cultural Diversity, Music History",15,Arts and Humanities
https://www.coursera.org/learn/america-through-foreign-eyes,America Through Foreign Eyes,Rice University,"19,943",4.7,Beginner level,4 weeks at 10 hours a week,"International Relations, Cultural Diversity, Diversity Awareness, Political Sciences, World History, Sociology, Economics, Social Studies, Cultural Sensitivity",405,Arts and Humanities
https://www.coursera.org/learn/gangster-fiction-american-antihero,Gangster Fiction: Rise of an American Antihero,University of Colorado Boulder,,,Beginner level,"This four-week course explores the American gangster novel as a distinctive literary genre that reveals the complexity of American identity, ambition, and moral drive. Centered on W. R. Burnett’s Little Caesar (1929), one of the foundational texts of gangster fiction, the course examines how fictional gangsters emerge as uniquely American antiheroes—figures who are admired and condemned, charismatic and isolated. Through close reading and literary analysis, students will explore characterization, narrative structure, language, religious symbolism, and public persona, while situating the gangster within broader cultural conversations about power, masculinity, and immigration. Designed for multiple ways of engaging with literature, the course offers tracks in academic analysis, book-club discussion, and creative reflection, treating gangster fiction not as a static genre but as a living form that continues to shape how we understand ambition, identity, and storytelling in American culture.","Creative Thinking, Creative Problem-Solving, Storytelling, Culture, Research, Media and Communications, Analytical Skills, Liberal Arts, Sociology, Discussion Facilitation, Critical Thinking, Writing, Creativity, Writing and Editing",,Arts and Humanities
https://www.coursera.org/learn/programacin-de-elementos-meldicos-y-aleatoriedad,Programación de elementos melódicos y aleatoriedad,SAE Institute México,,,Beginner level,,"Music Theory, Instrumental Music, Programming Principles, Music, Musical Composition",,Arts and Humanities
https://www.coursera.org/learn/philosophy-of-science,Philosophy of Science,University of Pennsylvania,"22,618",4.7,Intermediate level,1 week at 10 hours a week,"Data Collection, Peer Review, Simulations, Ethical Standards And Conduct, Experimentation, Research Methodologies, Research Design, Science and Research, Scientific Methods, Research",254,Arts and Humanities
https://www.coursera.org/specializations/business-music-production,The Business of Music Production Specialization,Berklee,"12,223",4.8,Beginner level,4 weeks to complete,"Automation, Business, Contract Negotiation, Digital Assets, Entrepreneurship, File Management, Innovation, Instrumental Music, Intellectual Property, Law, Regulation, and Compliance, Lawsuits, Litigation and Civil Justice, Media Production, Music, Music History, Musical Composition, Negotiation, Peer Review, Team Management, Writing","5,341",Arts and Humanities
https://www.coursera.org/learn/daoyan-siwei-weiyingren,导演思维：微影人的自我修养,Fudan University,"3,934",4.5,,2 weeks to complete,"Storytelling, Cinematography, Creativity, Video Production, Writing, Editing, Storyboarding",47,Arts and Humanities
https://www.coursera.org/specializations/film-video-storytelling-shooting-editing,"Film & Video Storytelling: Screenwriting, Shooting & Editing Specialization",Skillshare,,,Beginner level,4 weeks to complete,"Adobe Premiere, Cinematography, Content Creation, Creativity, Editing, File Management, Leadership, Photo/Video Production and Technology, Photography, Planning, Post-Production, Storyboarding, Storytelling, Video Editing, Video Production, Videography, Writing",,Arts and Humanities
https://www.coursera.org/specializations/a-masterclass-in-animation,A Masterclass in Animation Specialization,Skillshare,,4.5,Beginner level,2 months to complete,"3D Assets, 3D Modeling, Animation and Game Design, Animations, Cinematography, Computer Graphics, Creative Design, Logo Design, Motion Graphics, Multimedia, Photo/Video Production and Technology, Post-Production, Storyboarding, Typography, Video Editing, Visualization (Computer Graphics)",24,Arts and Humanities
https://www.coursera.org/learn/intellectual-change-early-china-the-warring-states-han,Intellectual Change in Early China: Warring States and Han,The Chinese University of Hong Kong,"7,226",4.7,Intermediate level,2 weeks to complete,"Economics, Ancient History, Social Sciences, Psychology, Governance, Liberal Arts, Research, Culture, Political Sciences, World History",125,Arts and Humanities
https://www.coursera.org/learn/edinburgh-music-theory,Fundamentals of Music Theory,The University of Edinburgh,"399,565",4.5,Beginner level,"If you're a beginner, enjoy taking your time with the materials! If you have more experience, try taking one unit per week and see how it goes.","Musical Composition, Music Theory, Music, Classical Music","1,853",Arts and Humanities
https://www.coursera.org/learn/fashion-craft-sustainability,Fashion as Design: Craft and Sustainability,The Museum of Modern Art,,,Beginner level,,"Cultural Diversity, Creative Design, Sustainable Design, Sustainable Development, Design Thinking, Innovation, Aesthetics, Culture, Art History, Creative Thinking, Design",,Arts and Humanities
https://www.coursera.org/specializations/graphic-design,Graphic Design Specialization,California Institute of the Arts,"446,405",4.7,Beginner level,2 months to complete,"Art History, Branding, Color Theory, Visual Design, Computer Graphic Techniques, Conceptual Design, Creative Design, Design, Design Elements And Principles, Design Research, Graphic and Visual Design, Graphic Design, Image Analysis, Layout Design, Logo Design, Photo Editing, Photography, Style Guides, Typography","21,833",Arts and Humanities
https://www.coursera.org/learn/music-education,The Place of Music in 21st Century Education,The University of Sydney,"7,650",4.8,Beginner level,3 weeks to complete,"Musical Composition, World Music, Instrumental Music, Digital pedagogy, Formal Learning, Electronic Media, Creativity, Classical Music, Education Software and Technology, Childhood Education and Development, Music",71,Arts and Humanities
https://www.coursera.org/specializations/generative-ai-for-creative-workflows,Generative AI for Creative Workflows Specialization,Adobe,,5.0,Beginner level,4 weeks to complete,"Artificial Intelligence, Branding, Communication, Visual Design, Content Creation, Creative Thinking, Creativity, Design, Digital Marketing, Graphic Design, Ideation, Presentations, Storytelling",9,Arts and Humanities
https://www.coursera.org/learn/landscape-photography-capture-the-beauty-of-planet-earth,Landscape Photography: Capture the Beauty of Planet Earth,Skillshare,,,Beginner level,,"Photography, Creativity, Photo Editing",,Arts and Humanities
https://www.coursera.org/learn/critical-reasoning,Reasoning Across the Disciplines,The University of North Carolina at Chapel Hill,"17,230",4.4,Beginner level,2 weeks at 10 hours a week,"Case Law, Chemistry, Research, Social Sciences, Case Studies, World History, Psychology, Legal Research, Liberal Arts",72,Arts and Humanities
https://www.coursera.org/learn/in-depth-capcut-video-editing-masterclass-advanced-tools,In Depth CapCut Video Editing Masterclass: Advanced Tools,Skillshare,"1,730",,Beginner level,,"Web Content Accessibility Guidelines, Post-Production, Video Production, Animations, Color Theory, Typography, Video Editing, Content Creation",,Arts and Humanities
https://www.coursera.org/learn/creative-personal-writing-write-the-real-you,Creative Personal Writing: Write the Real You,Skillshare,,,Beginner level,,"Journals, Personal Development, Editing, Self-Awareness, Empathy, Writing, Creativity, Storytelling, Emotional Intelligence",,Arts and Humanities
https://www.coursera.org/learn/game-design,Introduction to Game Design,California Institute of the Arts,"132,151",4.7,Beginner level,,"Creativity, Ideation, Game Design, Video Game Development, Conceptual Design, Design, Interactive Design, Animation and Game Design, Storytelling, Systems Design","2,919",Arts and Humanities
https://www.coursera.org/learn/basic-elements-design,Basic Elements of Design: Design Principles and Software Overview,University of Colorado Boulder,"60,097",4.7,Beginner level,1 week at 10 hours a week,"Layout Design, Storytelling, Design Elements And Principles, Information Architecture, Graphic Design, Typography, Design, Design Research, Color Theory",996,Arts and Humanities
https://www.coursera.org/specializations/art-culture-society,"Art of the MOOC: Art, Culture, and Society  Specialization",Creative Time ,,4.7,Beginner level,16 weeks to complete,"Aesthetics, Art History, Liberal Arts, Color Theory, Communication, Community Organizing, Creativity, Critical Thinking, Cultural Diversity, Disabilities, Interactive Learning, Music, Music History, Music Theory, Musical Composition, Peer Review, Performing Arts, Social Justice, Sociology, World Music",338,Arts and Humanities
https://www.coursera.org/learn/finding-your-professional-voice,Finding Your Professional Voice: Confidence & Impact,University of London,"168,205",4.7,Beginner level,,"Respiration, Communication, Self-Awareness, Verbal Communication Skills, Oral Expression, Interpersonal Communications, Assertiveness, Personal Attributes, Emotional Intelligence, Public Speaking, Composure, Executive Presence","1,251",Arts and Humanities
https://www.coursera.org/learn/distribucion-digital-de-la-musica-independiente,Distribución digital de la música independiente,SAE Institute México,,,Beginner level,,"Digital Content, Music, Marketing Channel, Commercialization, Content Management, Social Media Marketing, Marketing Planning, Digital Media Strategy, Promotional Strategies, Digital Publishing, Release Management, Revenue Management",,Arts and Humanities
https://www.coursera.org/learn/international-journalism,"Journalism, the future, and you!",Michigan State University,"25,533",4.7,Beginner level,3 weeks at 10 hours a week,"Media and Communications, Podcasting, Business Modeling, Interviewing Skills, Decision Making, International Relations, Ethical Standards And Conduct, Storytelling, Safety and Security, Content Creation, Digital Publishing, Diversity Awareness, Journalism",381,Arts and Humanities
https://www.coursera.org/learn/shiji,史記 (Shi Ji),National Taiwan University,"20,948",4.9,Beginner level,2 weeks at 10 hours a week,"Liberal Arts, Ancient History, Case Studies, Culture, Ethical Standards And Conduct, World History, Storytelling",212,Arts and Humanities
https://www.coursera.org/specializations/create-and-finance-a-short-documentary-film,Create and Finance a Short Documentary Film Specialization,Skillshare,,3.7,Beginner level,4 weeks to complete,"Business Writing, Cinematography, Color Matching, Concision, Creativity, Editing, Marketing, Post-Production, Presentations, Promotional Strategies, Proposal Writing, Sales Presentations, Storyboarding, Storytelling, Target Audience, Video Production, Videography, Writing",6,Arts and Humanities
https://www.coursera.org/learn/building-your-artistic-brand,Building Your Artistic Brand,University of Colorado Boulder,,4.8,Intermediate level,,"Branding, Target Audience, Social Media Strategy, Customer Engagement, Social Media, Market Research, Marketing Channel, Marketing Strategies, Content Strategy, Entrepreneurship, Marketing, Professional Networking, Competitive Analysis, Brand Strategy, Performing Arts",11,Arts and Humanities
https://www.coursera.org/learn/understanding-arguments,Think Again I: How to Understand Arguments,Duke University,"334,790",4.6,Beginner level,3 weeks at 10 hours a week,"Writing, Research, Oral Expression, Persuasive Communication","3,078",Arts and Humanities
https://www.coursera.org/learn/intro-guitarra,Introdução à Guitarra,Berklee,"3,369",4.5,Beginner level,2 weeks to complete,"Music Performance, Instrumental Music, Music, Music Theory",15,Arts and Humanities
https://www.coursera.org/learn/premium-logo-animation-in-adobe-after-effects-2d-projects,Premium Logo Animation in Adobe After Effects: 2D Projects,Skillshare,,,Beginner level,,"Logo Design, Color Theory, Animations, Multimedia, Typography, Creative Design, Video Editing, Motion Graphics",,Arts and Humanities
https://www.coursera.org/learn/the-art-of-film-editing-visual-effects--sound-design,The Art of Film Editing: Visual Effects & Sound Design,Skillshare,,,Beginner level,,"Music, Cinematography, Motion Graphics, Storytelling, Adobe Premiere, Video Editing, Video Production, Post-Production",,Arts and Humanities
https://www.coursera.org/learn/exposure-photography,"Cameras, Exposure, and Photography",Michigan State University,"302,480",4.8,,2 weeks to complete,"Creativity, Design Elements And Principles, Photo/Video Production and Technology, Image Quality, Peer Review, Photography","5,324",Arts and Humanities
https://www.coursera.org/specializations/surfacepatterndesign-principlesdrawingandcollections,"Surface Pattern Design: Principles, Drawing and Collections Specialization",Skillshare,,,Beginner level,4 weeks to complete,"Creative Design, Creativity, Design, Design Elements And Principles, Design Strategies, Design Thinking, Digital Design, Graphic and Visual Design, Graphic and Visual Design Software, Journals, Layout Design, Software Design Patterns",,Arts and Humanities
https://www.coursera.org/learn/music-life,How Music Can Change Your Life,The University of Melbourne,"32,080",4.7,Beginner level,3 weeks at 10 hours a week,"Rehabilitation, Community Development, Neurology, Mental Health, Psychotherapy, World Music, Social Impact, Music, Health And Wellness Coaching, Cultural Diversity",180,Arts and Humanities
https://www.coursera.org/learn/modern-middle-east-1,The Emergence of the Modern Middle East - Part I,Tel Aviv University,"52,211",4.7,,,"Cultural Diversity, World History, Political Sciences, Economics, Social Sciences, Governance, International Relations, European History","1,150",Arts and Humanities
https://www.coursera.org/learn/behavior-architecture-understanding-human-behavior,Behavior Architecture - Understanding Human Behavior,Fractal Analytics,"7,497",4.4,Beginner level,1 week to complete,"Decision Making, Behavior Management, Communication, Empathy, Behavioral Economics, Qualitative Research, Applied Behavior Analysis, Human Development, Critical Thinking, Emotional Intelligence, Case Studies, Psychology",54,Arts and Humanities
https://www.coursera.org/learn/alfabetizacao-midiatica,"Alfabetização Midiática, Informacional e Diálogo Intercultural - UNESCO e UNICAMP",Universidade Estadual de Campinas,"6,820",4.9,Beginner level,2 weeks at 10 hours a week,"Media and Communications, Journalism, Content Creation, Cultural Diversity, Research, Critical Thinking, Law, Regulation, and Compliance, digital literacy, Working With Children",91,Arts and Humanities
https://www.coursera.org/learn/representaciones-culturales,Representaciones culturales de las sexualidades,Universitat Autònoma de Barcelona,"47,300",4.8,Beginner level,2 weeks at 10 hours a week,"Anthropology, Sociology, Social Justice, Diversity Awareness, Cultural Diversity, Performing Arts, Culture, Media and Communications, Social Sciences",669,Arts and Humanities
https://www.coursera.org/learn/composition-moving-image,The Art of Filmmaking: Composition and Moving Image,California Institute of the Arts,"5,093",4.8,Beginner level,2 weeks to complete,"Storytelling, Videography, Storyboarding, Video Production, Creativity, Cinematography, Design Elements And Principles, Peer Review, Photo/Video Production and Technology, Editing",12,Arts and Humanities
https://www.coursera.org/learn/jian-ji,剪辑：像编剧一样剪辑,Fudan University,"4,635",4.5,Beginner level,1 week to complete,"Editing, Video Production, Post-Production, Storytelling, Video Editing, Cinematography, Creativity",30,Arts and Humanities
https://www.coursera.org/learn/erasmus-philosophy-skepticism,The Politics of Skepticism,Erasmus University Rotterdam,"10,169",4.5,Intermediate level,2 weeks to complete,"Creativity, Cultural Diversity, Investigation, Policy Analysis, Ethical Standards And Conduct, European History, Research, Ancient History, Political Sciences, Social Studies",40,Arts and Humanities
https://www.coursera.org/learn/the-american-renaissance-and-nathaniel-hawthorne,The American Renaissance and Nathaniel Hawthorne,Dartmouth College,,,,,"Liberal Arts, Public History, World History, Storytelling, Writing",,Arts and Humanities
https://www.coursera.org/learn/writing-for-inner-calm-mindset-methods-and-daily-exercise,"Writing for Inner Calm: Mindset, Methods, and Daily Exercise",Skillshare,,,Beginner level,,"Overcoming Obstacles, Self-Motivation, Creativity, Mental Concentration, Lifelong Learning, Persistence, Writing, Self-Awareness, Personal Development, Resilience, Journals, Storytelling, Self-Discipline, Emotional Intelligence, Mindfulness",,Arts and Humanities
https://www.coursera.org/learn/modern-postmodern-1,The Modern and the Postmodern (Part 1),Wesleyan University,"145,952",4.8,,1 week to complete,"Liberal Arts, Sociology, Aesthetics, World History, Socioeconomics, Culture, European History, Art History, Political Sciences","1,044",Arts and Humanities
https://www.coursera.org/learn/craft-of-style,Creative Writing: The Craft of Style,Wesleyan University,"71,703",4.7,,1 week to complete,"Proofreading, Writing, Editing, Creativity, Writing and Editing, Storytelling","1,204",Arts and Humanities
https://www.coursera.org/learn/the-south,"The American South: Its Stories, Music, and Art",The University of North Carolina at Chapel Hill,"36,557",4.5,,,"Music History, Oral Expression, World History, Art History, Social Studies, Performing Arts, Liberal Arts, Music, Cultural Diversity",406,Arts and Humanities
https://www.coursera.org/learn/deliver-the-news,Effectively delivering the news to your audience,Michigan State University,"15,161",4.8,Intermediate level,1 week at 10 hours a week,"Report Writing, Journalism, Content Creation, Ethical Standards And Conduct, Oral Expression, Research, Storytelling, Multimedia, Media and Communications, Interviewing Skills, Driving engagement, Photo/Video Production and Technology, Writing, Video Production",315,Arts and Humanities
https://www.coursera.org/learn/jerusalem,The Fall and Rise of Jerusalem,Tel Aviv University,"22,052",4.6,,1 week to complete,"World History, Governance, Timelines, International Relations, Cultural Diversity, Research Methodologies, Political Sciences, Ancient History",344,Arts and Humanities
https://www.coursera.org/learn/scout-like-a-pro-find-landscape-photography-locations,​​Scout Like a Pro: Find Landscape Photography Locations,Skillshare,,,Intermediate level,,"Creative Thinking, Global Positioning Systems, Research, Landscape Architecture, Critical Thinking, Photography, Planning, Timelines",,Arts and Humanities
https://www.coursera.org/learn/cel--2d-animation-streamline-workflow-in-procreate-dreams,Cel & 2D Animation: Streamline Workflow in Procreate Dreams,Skillshare,,,Intermediate level,,"Motion Graphics, Layout Design, Color Theory, Storyboarding, Animations",,Arts and Humanities
https://www.coursera.org/specializations/kickstartyourcreativitywithprocreate,Kickstart Your Creativity with Procreate Specialization,Skillshare,"1,533",4.6,Beginner level,4 weeks to complete,"Color Theory, Computer Graphic Techniques, Creative Design, Creativity, Design Elements And Principles, Digital Design, Peer Review, Storytelling, Technical Drawing",9,Arts and Humanities
https://www.coursera.org/learn/painting,In the Studio: Postwar Abstract Painting,The Museum of Modern Art,"148,789",4.9,Beginner level,3 weeks at 10 hours a week,"World History, Liberal Arts, Color Theory, Art History, Aesthetics","1,508",Arts and Humanities
https://www.coursera.org/learn/music-production--songwriting-write-melodies-in-any-genre,Music Production & Songwriting: Write Melodies in Any Genre,Skillshare,,,Beginner level,,"Instrumental Music, Media Production, Performing Arts, Music Performance, Music Theory, Musical Composition, Editing, Music, Creativity",,Arts and Humanities
https://www.coursera.org/learn/teach-violin-lessons,Teaching the Violin and Viola: Creating a Healthy Foundation,Northwestern University,"24,564",4.7,,1 week to complete,"Music Performance, Music, Lecturing, Classical Music, Instrumental Music, Coordination, Music Theory",209,Arts and Humanities
https://www.coursera.org/learn/the-cycle,The Cycle: Management of Successful Arts and Cultural Organizations,"University of Maryland, College Park","28,636",4.8,Beginner level,1 week at 10 hours a week,"Organizational Strategy, Governance, Performing Arts, Event Management, Business Planning, Strategic Marketing, Marketing, Fundraising, Business Management, Growth Strategies, Business Marketing, Planning, Stakeholder Engagement",737,Arts and Humanities
https://www.coursera.org/learn/activismo-movimientos-sociales,ART of the MOOC: Activismo y Movimientos Sociales,Duke University,"8,235",4.6,,2 weeks to complete,"Advocacy, Art History, Creativity, World History, Social Sciences, Social Impact, Social Justice, Performing Arts, Cultural Diversity, Media and Communications, Community Organizing, Liberal Arts",28,Arts and Humanities
https://www.coursera.org/learn/arte-medieval,Arte Medieval,Universidad de Palermo,"1,579",4.7,Beginner level,2 weeks to complete,"World History, Art History, Aesthetics, European History, Ancient History",29,Arts and Humanities
https://www.coursera.org/learn/coexistence-in-medieval-spain,"Coexistence in Medieval Spain: Jews, Christians, and Muslims",University of Colorado System,"15,607",4.6,Beginner level,3 weeks at 10 hours a week,"Research, World History, Cultural Diversity, Culture, International Relations, Governance, European History, Social Studies, Diversity Awareness, Research Methodologies, Intercultural Competence",138,Arts and Humanities
https://www.coursera.org/specializations/advanced-videography,Advanced Videography Specialization,Skillshare,,4.4,Intermediate level,4 weeks to complete,"Cinematography, Creativity, Design Reviews, Peer Review, Photo/Video Production and Technology, Photography, Post-Production, Storytelling, Video Editing, Video Production, Videography",5,Arts and Humanities
https://www.coursera.org/learn/roman-art-archaeology,Roman Art and Archaeology,University of Arizona,"56,210",4.7,,3 weeks to complete,"Ancient History, Social Studies, Timelines, Art History, European History, Political Sciences, World History",683,Arts and Humanities
https://www.coursera.org/learn/melodic-forms-simple-harmony,Approaching Music Theory: Melodic Forms and Simple Harmony,California Institute of the Arts,"58,179",4.7,Intermediate level,2 weeks at 10 hours a week,"Music Theory, Instrumental Music, Musical Composition, Music History, Music Performance, Music, World Music, Classical Music",169,Arts and Humanities
https://www.coursera.org/specializations/american-history-through-baseball,American History Through Baseball Specialization,University of Colorado Boulder,,4.5,Beginner level,4 weeks to complete,"Business Economics, Cultural Diversity, Culture, Demography, Diversity Awareness, Economic Development, Economics, Global Marketing, International Relations, Labor Law, Labor Relations, Market Opportunities, Political Sciences, Public History, Social Justice, Social Sciences, Social Studies, Socioeconomics, Sociology, World History",14,Arts and Humanities
https://www.coursera.org/learn/intellectual-humility-science,Intellectual Humility: Science,The University of Edinburgh,"16,174",4.7,Beginner level,2 weeks at 10 hours a week,"Empathy, Willingness To Learn, Open Mindset, Critical Thinking, Child Development, Social Sciences, Emotional Intelligence, Self-Awareness, Curiosity, Cognitive flexibility",185,Arts and Humanities
https://www.coursera.org/learn/philosophy-science-religion-3,"Philosophy, Science and Religion: Religion and Science",The University of Edinburgh,"25,938",4.7,Beginner level,3 weeks at 10 hours a week,"Systems Thinking, Diversity Awareness, Research, Physical Science, Ethical Standards And Conduct, Discussion Facilitation, Science and Research, Culture, Biology, Anthropology",207,Arts and Humanities
https://www.coursera.org/learn/color-grading-creating-a-cinematic-look,Color Grading: Creating a Cinematic Look,Skillshare,,,Intermediate level,,"Color Theory, Image Quality, Cinematography, Post-Production, Video Editing, Photography, Videography",,Arts and Humanities
https://www.coursera.org/learn/arte-publico-pedagogia,ART of the MOOC: Arte Público y Pedagogía,Duke University,"8,341",4.6,,2 weeks to complete,"Social Justice, Constructive Feedback, Intercultural Competence, Collaboration, Community Development, Art History, Cultural Diversity, Pedagogy, Social Impact, Liberal Arts, Creativity",129,Arts and Humanities
https://www.coursera.org/learn/inequality-and-democracy,Inequality and Democracy,Utrecht University,"19,211",4.8,Beginner level,2 weeks at 10 hours a week,"Economics, Tax Laws, Commercial Laws, Socioeconomics, Governance, Political Sciences, Social Sciences, Policy Analysis, Lobbying",58,Arts and Humanities
https://www.coursera.org/learn/first-person-pov,Writing in First Person Point of View,Wesleyan University,"12,025",4.7,,,"English Language, Writing and Editing, Storytelling, Writing, Journals",118,Arts and Humanities
https://www.coursera.org/learn/tecnologia-producao-musical,A tecnologia da produção musical,Berklee,"3,507",4.9,Beginner level,2 weeks at 10 hours a week,"Musical Composition, Creativity, Digital Signal Processing, Media Production, Instrumental Music, Music, Editing",35,Arts and Humanities
https://www.coursera.org/learn/world-change,How to Change the World,Wesleyan University,"52,472",4.7,Beginner level,3 weeks at 10 hours a week,"Climate Change Adaptation, Social Justice, Health Care, Community Development, Economics, Public Health, Environmental Issue, Social Impact, Empowerment, Sociology, Philanthropy, Social Sciences, Sustainable Development",279,Arts and Humanities
https://www.coursera.org/learn/video-game-world,World Design for Video Games,California Institute of the Arts,"39,520",4.5,Beginner level,,"Virtual Environment, Design Research, Aesthetics, Storytelling, Game Design, Creativity, Conceptual Design, Animation and Game Design, Visualization (Computer Graphics), Design Strategies",821,Arts and Humanities
https://www.coursera.org/learn/the-art-and-science-of-producing-vocals-and-instruments,The Art and Science of Producing Vocals and Instruments,GRAMMY GO,,,Beginner level,"Dive deeper into the art and science of music production with 'The Art and Science of Producing Vocals and Instruments.' This comprehensive four-week course empowers you to bring your musical visions to life with confidence and finesse. Hone your pre-production skills, gain proficiency in using a Digital Audio Workstation (DAW), and delve into the intricacies of producing an artist’s vocals and instrumentation. By the end of this course, you'll be adept at music pre-production, DAW usage, and vocal and instrumental production.","Media Production, Music, Music Theory, Musical Composition, Instrumental Music, Post-Production, Editing",,Arts and Humanities
https://www.coursera.org/learn/piano-sonata-beethoven-to-romantics,The Piano Sonata: Beethoven and the Romantics,University of Michigan,,,Intermediate level,1 week to complete,"Music Theory, Musical Composition, Music History, Classical Music, Instrumental Music, Music",,Arts and Humanities
https://www.coursera.org/specializations/filmmaking,The Art of Filmmaking Specialization,California Institute of the Arts,"2,749",4.8,Beginner level,4 weeks to complete,"Adobe Premiere, Cinematography, Visual Design, Content Creation, Creative Design, Creativity, Design Elements And Principles, Editing, Graphic and Visual Design, Graphic and Visual Design Software, Media Production, Peer Review, Personal Development, Photo/Video Production and Technology, Post-Production, Storyboarding, Storytelling, Video Editing, Video Production, Videography",21,Arts and Humanities
https://www.coursera.org/learn/the-making-of-modern-ukraine-ua,Становлення сучасної України,Yale University,,,Beginner level,2 weeks to complete,,,Arts and Humanities
https://www.coursera.org/learn/become-a-journalist-capstone,Capstone: Create your own professional journalistic portfolio,Michigan State University,"4,328",4.7,,2 weeks to complete,"Peer Review, Ethical Standards And Conduct, Writing, Research, Journalism, Report Writing, Investigation, Interviewing Skills, Multimedia, Storytelling, Data Collection, Content Creation",94,Arts and Humanities
https://www.coursera.org/learn/missoes-jesuitas-guaranis-historia-antropologia,I. Missões jesuíticas nos territórios guaranis: história,Universidade de São Paulo,"2,412",4.6,Beginner level,2 weeks to complete,"European History, Cultural Diversity, Public History, Art History, Timelines, International Relations, Social Studies, Cultural Sensitivity, Conflict Management, Sociology, Anthropology, World History, Community Development, Ancient History, Social Sciences, Culture",36,Arts and Humanities
https://www.coursera.org/learn/davinci-resolve-15-tips-from-a-pro-colorist,DaVinci Resolve: 15 Tips from a Pro Colorist,Skillshare,,,Beginner level,,"Image Quality, Cinematography, Color Theory, Post-Production, File Management, Video Editing, Editing",,Arts and Humanities
https://www.coursera.org/learn/sustainable-development-ideas-and-imaginaries,Sustainable Development - Ideas and Imaginaries,University of Copenhagen,"4,387",4.7,,2 weeks to complete,"Sustainable Development, Environmental Science, Economics, Ethical Standards And Conduct, Timelines, Environmental Policy, Systems Thinking, Political Sciences, Social Sciences, Culture, Social Impact",47,Arts and Humanities
https://www.coursera.org/learn/pai-she,拍摄：像剪辑师一样拍摄,Fudan University,"4,690",4.8,,1 week to complete,"Cinematography, Storytelling, Videography, Storyboarding, Editing, Photography, Video Production",21,Arts and Humanities
https://www.coursera.org/learn/su-dongpo,東坡詞 (Ci Poetry of Su Dong Po),National Taiwan University,"10,452",4.8,Beginner level,2 weeks to complete,"Literacy, Emotional Intelligence, Empathy, Writing, Liberal Arts, Aesthetics, Personal Development, Storytelling, Creativity, Self-Awareness, Cultural Sensitivity",118,Arts and Humanities
https://www.coursera.org/learn/contemporary-art,What Is Contemporary Art?,The Museum of Modern Art,"166,399",4.7,Beginner level,1 week at 10 hours a week,"Social Justice, Multimedia, Content Creation, Liberal Arts, Creativity, Design, Aesthetics, Photo/Video Production and Technology, Electronic Media, Performing Arts, Art History","1,898",Arts and Humanities
https://www.coursera.org/learn/videogames,A complexidade sensível: Um paralelo entre videogames e arte,Universidade Estadual de Campinas,"9,701",4.7,,,"Liberal Arts, Culture, Aesthetics, Systems Thinking, Design, Cultural Diversity, Game Design, Video Game Development, Social Impact, Art History, Creativity",229,Arts and Humanities
https://www.coursera.org/learn/richard-schechners-introduction-to-performance-studies,Richard Schechner's Introduction to Performance Studies,New York University,"10,086",4.8,Beginner level,3 weeks at 10 hours a week,"Intercultural Competence, World History, Anthropology, Storytelling, Culture, Music Performance, Ancient History, Sociology, Performing Arts, Electronic Media, Media and Communications, Art History, Cultural Diversity, Music, Peer Review",84,Arts and Humanities
https://www.coursera.org/specializations/electronic-music-production,Electronic Music Production Specialization,Berklee,"29,971",4.8,Intermediate level,4 weeks to complete,"Automation, Creativity, Digital Signal Processing, Editing, Electronic Media, File Management, Instrumental Music, Media Production, Music, Music Performance, Music Theory, Musical Composition, Patch Management, Peer Review, Performing Arts, Post-Production, System Configuration, System Requirements, Technical Support","2,286",Arts and Humanities
https://www.coursera.org/learn/guitarra,Introducción a la guitarra,Berklee,"81,928",4.8,,2 weeks to complete,"Music, Musical Composition, Instrumental Music, Music Performance, Music Theory",457,Arts and Humanities
https://www.coursera.org/learn/music-synthesizer,Creating Sounds for Electronic Music,Berklee,"40,218",4.7,Intermediate level,1 week at 10 hours a week,"Patch Management, Musical Composition, System Requirements, Electronic Media, Music Theory, Music, Peer Review, Creativity",262,Arts and Humanities
https://www.coursera.org/learn/overwhelmed-to-organized-design-daily-structures-in-notion,Overwhelmed to Organized: Design Daily Structures in Notion,Skillshare,,,Beginner level,,"Organizational Skills, Personal Development, Time Management, Planning, Productivity, Resilience, Prioritization, Adaptability, Creativity, Goal Setting",,Arts and Humanities
https://www.coursera.org/learn/learn-non-scary-adobe-after-effects-timing--expressions,Learn Non-Scary Adobe After Effects: Timing & Expressions,Skillshare,,,Intermediate level,,"Motion Graphics, Timelines, Performance Tuning, Video Editing, Typography, Musical Composition, Video Production, Animations, Scripting",,Arts and Humanities
https://www.coursera.org/specializations/ai-for-creative-work,AI for Creative Work Specialization,University of Michigan,"4,563",4.5,Beginner level,4 weeks to complete,"Analysis, Art History, Artificial Intelligence, Collaboration, Creative Design, Creativity, Data Ethics, Environmental Issue, Ethical Standards And Conduct, Experimentation, Image Analysis, Innovation, Intellectual Property, Leadership, Problem Solving, Responsible AI, Risk Management Framework, Trustworthiness",121,Arts and Humanities
https://www.coursera.org/learn/script-writing,Script Writing: Write a Pilot Episode for a TV or Web Series (Project-Centered Course),Michigan State University,"121,292",4.5,,2 weeks to complete,"Peer Review, Editing, Storyboarding, Storytelling",792,Arts and Humanities
https://www.coursera.org/learn/benjamin-franklin-and-his-world,Benjamin Franklin and His World,University of Pennsylvania,"3,030",4.6,Beginner level,1 week to complete,"Ethical Standards And Conduct, Social Justice, European History, Governance, Cultural Diversity, World History, Public History, Political Sciences",26,Arts and Humanities
https://www.coursera.org/learn/aplicacion-ritmos-afroperuanos,"Herencia negra, aplicación de ritmos afroperuanos",Pontificia Universidad Católica del Perú,,,Beginner level,2 weeks to complete,"Musical Composition, Art History, World History, Music History, Cultural Diversity, World Music, Music Performance, Music, Culture",,Arts and Humanities
https://www.coursera.org/learn/improvisacion-de-jazz,Improvisación de jazz,Berklee,"21,279",4.9,Intermediate level,1 week at 10 hours a week,"Musical Composition, Storytelling, Music Performance, Oral Expression, Instrumental Music, Music Theory, Music, Creativity",260,Arts and Humanities
https://www.coursera.org/learn/east-asian-confucianisms-humanism1,東亞儒家：人文精神一(East Asian Confucianisms: Humanism (1)),National Taiwan University,"5,320",4.9,,1 week to complete,"Liberal Arts, Culture, Intercultural Competence, Ancient History, Governance, Ethical Standards And Conduct, Human Development, Social Sciences",49,Arts and Humanities
https://www.coursera.org/learn/intimacy-creativity-entering-minds-composers,Intimacy of Creativity: Entering the Minds of Composers,The Hong Kong University of Science and Technology,"6,243",4.6,Intermediate level,,"Classical Music, Music Theory, Music History, Musical Composition, Creativity, Music",78,Arts and Humanities
https://www.coursera.org/learn/global-affairs-explained-managing-international-system,Global Affairs Explained: Managing the International System,Council on Foreign Relations,,,Beginner level,2 weeks to complete,"International Finance, Negotiation, Policty Analysis, Research, and Development",,Arts and Humanities
https://www.coursera.org/learn/history-israel-sovereign-state,The History of Modern Israel -  Part II: Challenges of Israel as a sovereign state,Tel Aviv University,"12,093",4.8,Beginner level,1 week at 10 hours a week,"Public Safety and National Security, Economic Development, Culture, Political Sciences, Demography, Sociology, Governance, Social Sciences, World History, Socioeconomics, Diplomacy, Economics, Social Impact, Diversity Awareness, Cultural Diversity, Immigration Law, Social Justice, International Relations",342,Arts and Humanities
https://www.coursera.org/learn/advanced-videography-cinematic-travel-vlogging,Advanced Videography: Cinematic Travel Vlogging,Skillshare,,,Intermediate level,,"Videography, Storytelling, Cinematography, Video Editing, Photo/Video Production and Technology, Video Production",,Arts and Humanities
https://www.coursera.org/learn/edi-performance-techniques,Electronic Music Performance Techniques,Berklee,"8,539",4.1,Beginner level,,"Electronic Media, Musical Composition, Instrumental Music, Music, Performing Arts, Music Performance, Music Theory",31,Arts and Humanities
https://www.coursera.org/learn/in-search-for-the-origins-of-korean-philosophy,In Search for the Origins of Korean Philosophy,Sungkyunkwan University,"2,811",4.7,Intermediate level,2 weeks to complete,"World History, Literacy, Research, Anthropology, Cultural Diversity, Culture, Social Studies, Language Competency, Ancient History",20,Arts and Humanities
https://www.coursera.org/learn/french-revolution,The French Revolution,The University of Melbourne,"28,706",4.8,Beginner level,2 weeks at 10 hours a week,"World History, International Relations, Political Sciences, Social Sciences, Economics, European History, Social Impact, Social Justice, Cultural Diversity",324,Arts and Humanities
https://www.coursera.org/learn/landscape-photography-shooting-from-an-aerial-perspective,Landscape Photography: Shooting from an Aerial Perspective,Skillshare,,,Beginner level,,"Photography, Aesthetics, Creativity, Photo/Video Production and Technology",,Arts and Humanities
https://www.coursera.org/learn/singing-popular-music,Singing Popular Music,Berklee,"33,525",4.5,Beginner level,1 week at 10 hours a week,"Music Performance, Music, Creativity, Verbal Communication Skills, Performing Arts, Self-Awareness",188,Arts and Humanities
https://www.coursera.org/learn/classics-chinese-humanities,Classics of Chinese Humanities: Guided Readings,The Chinese University of Hong Kong,"13,864",4.7,,2 weeks to complete,"Storytelling, Liberal Arts, Writing, Culture, Art History, Ancient History, Aesthetics, Cultural Diversity, World History",54,Arts and Humanities
https://www.coursera.org/learn/the-blues,The Blues: Understanding and Performing an American Art Form,University of Rochester,"35,363",4.8,Beginner level,1 week at 10 hours a week,"Music Theory, Music History, Instrumental Music, Music, Musical Composition, Music Performance",611,Arts and Humanities
https://www.coursera.org/learn/asian-environmental-humanities,Asian Environmental Humanities: Landscapes in Transition,University of Zurich,"13,769",4.7,Beginner level,1 week at 10 hours a week,"Liberal Arts, Storytelling, Sociology, Environment, Sustainable Systems, Economics, Policy, and Social Studies, Aesthetics, Social Sciences, Sustainable Development, Cultural Diversity, Environmental Policy",192,Arts and Humanities
https://www.coursera.org/learn/diseo-sonoro-desde-cero-sntesis-sustractiva,Diseño Sonoro desde cero: Síntesis Sustractiva,SAE Institute México,,,Beginner level,,"Control Panels, Design, Digital Signal Processing, Musical Composition, Multimedia, Music",,Arts and Humanities
https://www.coursera.org/learn/indigenous-religions-ecology,Indigenous Religions & Ecology,Yale University,"6,259",4.7,Beginner level,2 weeks at 10 hours a week,"Culture, Environmental Issue, Sustainable Development, World History, Advocacy, Cultural Diversity, Storytelling, Natural Resource Management, Cultural Sensitivity, Environment and Resource Management, Environment, Economics, Policy, and Social Studies, Social Justice, Land Management, Social Studies",54,Arts and Humanities
https://www.coursera.org/learn/3d-game-prop-production,Current Gen 3D Game Prop Production,Michigan State University,"7,734",4.8,Intermediate level,2 weeks to complete,"Baking, 3D Assets, 3D Modeling, Design Research, Computer Graphic Techniques, Computer Graphics, Prototyping",51,Arts and Humanities
https://www.coursera.org/specializations/teaching-with-art,"Teaching with Art: Using Inquiry, Activities, and Themes Specialization",The Museum of Modern Art,"5,171",4.8,Intermediate level,4 weeks to complete,"Aesthetics, Art History, Liberal Arts, Creative Thinking, Creativity, Curriculum Development, Curriculum Planning, Design Thinking, Emotional Intelligence, Empathy, Instructional Strategies, Learning Strategies, Learning Styles, Lesson Planning, Literacy, Self-Awareness, Social Studies, Student-Centred Learning, Student Engagement, Teaching","2,067",Arts and Humanities
https://www.coursera.org/learn/god-korean-context,Re-imaging God in Korean Context,Yonsei University,"6,528",4.8,Beginner level,,"Cultural Diversity, Culture, Psychology, Anthropology, Social Justice, Intercultural Competence",110,Arts and Humanities
https://www.coursera.org/learn/hone-your-style-discover-and-develop-your-editing-style,Hone Your Style: Discover and Develop Your Editing Style,Skillshare,,,,,"Storyboarding, Video Editing, Post-Production, Communication, Style Guides, Storytelling, Aesthetics",,Arts and Humanities
https://www.coursera.org/learn/intro-religions-ecology,Introduction to Religions & Ecology,Yale University,"6,817",4.8,Beginner level,2 weeks at 10 hours a week,"Climate Change Mitigation, Environment, Anthropology, International Relations, Sustainable Development, Culture, Environmental Science, World History, Social Justice, Natural Resource Management, Biology, Ethical Standards And Conduct",64,Arts and Humanities
https://www.coursera.org/learn/building-your-career-as-a-professional-singer,Building Your Career as a Professional Singer,Berklee,"3,396",4.5,Intermediate level,1 week to complete,"Oral Expression, Goal Setting, Contract Negotiation, Music Theory, Event Management, Music Performance, Music, Scheduling, Leadership, Professional Networking, Entrepreneurship, Performing Arts, Professional Development, Booking (Sales)",13,Arts and Humanities
https://www.coursera.org/learn/color-grading-how-to-match-shots-in-davinci-resolve,Color Grading: How to Match Shots in DaVinci Resolve,Skillshare,,,Beginner level,,"Cinematography, Video Editing, Color Matching, Color Theory, Video Production, Post-Production, Image Quality",,Arts and Humanities
https://www.coursera.org/learn/creative-nonfiction-write-truth-with-style,Creative Nonfiction: Write Truth with Style,Skillshare,,,Beginner level,,"Storytelling, Content Creation, Editing, Proofreading, Writing, Creativity, Journalism",,Arts and Humanities
https://www.coursera.org/learn/ai-ethics-responsible-use-and-creativity,"AI Ethics, Responsible Use, and Creativity",University of Michigan,"3,142",4.6,Beginner level,,"Artificial Intelligence, Intellectual Property, Creativity, Trustworthiness, Risk Management Framework, Responsible AI, Ethical Standards And Conduct, Leadership, Environmental Issue, Data Ethics, Analysis",35,Arts and Humanities
https://www.coursera.org/learn/shakespeare,Introduction to Who Wrote Shakespeare,University of London,"17,010",4.7,Beginner level,2 weeks at 10 hours a week,"Writing, Investigation, World History, Performing Arts, Research, Psychology, Creativity",261,Arts and Humanities
https://www.coursera.org/learn/ethique,"Le Bien, le Juste, l'Utile. Introduction aux éthiques philosophiques",University of Geneva,"30,125",4.8,,2 weeks to complete,"Personal Development, Environmental Issue, Human Development, Education and Training, Political Sciences, Social Justice, Policy Analysis, Ethical Standards And Conduct",628,Arts and Humanities
https://www.coursera.org/specializations/songwriting,"Songwriting: Writing, Arranging, and Producing Music Specialization",Berklee,"19,685",4.8,Beginner level,4 weeks to complete,"Automation, Creativity, Editing, File Management, Instrumental Music, Media Production, Music, Music Performance, Music Theory, Musical Composition, Performing Arts, Storytelling, Technical Support, Writing","2,087",Arts and Humanities
https://www.coursera.org/learn/relativism,Relativism,"University of California, Irvine","9,461",4.3,Intermediate level,1 week to complete,"Social Studies, Ethical Standards And Conduct, Science and Research, Cultural Diversity, Research, Environmental Issue, Anthropology, Sociology",44,Arts and Humanities
https://www.coursera.org/learn/producing-music,The Art of Music Production,Berklee,"120,856",4.8,Intermediate level,1 week at 10 hours a week,"Technology Solutions, Musical Composition, Writing, Peer Review, Media Production, Music","2,102",Arts and Humanities
https://www.coursera.org/learn/fashion-values-nature,Fashion Values: Nature,University of the Arts London,,,Beginner level,1 week to complete,"Collaboration, Systems Thinking, Problem Solving, Design, Prototyping, Creative Thinking, Sustainable Development, Sustainability Standards, Corporate Sustainability, Ideation",,Arts and Humanities
https://www.coursera.org/learn/foundations-of-music-promotion-branding,Foundations of Music Promotion & Branding,GRAMMY GO,"3,838",4.6,Beginner level,,"Digital Marketing, Content Creation, Customer Analysis, Persona Development, Branding, Brand Strategy, Marketing Design, Brand Awareness, User Research, Promotional Strategies, Goal Setting, Social Media, Customer Insights, Target Audience, Marketing Strategies, Marketing",17,Arts and Humanities
https://www.coursera.org/learn/concept-portrait-photography-create-a-captivating-series,Concept Portrait Photography: Create A Captivating Series,Skillshare,,,Beginner level,,"Photography, Photo Editing, Storytelling, Content Creation, Creativity, Image Quality",,Arts and Humanities
https://www.coursera.org/learn/creative-writing-crafting-personal-essays-with-impact,Creative Writing: Crafting Personal Essays with Impact,Skillshare,,,Beginner level,,"Journals, Investigation, Editing, Self-Awareness, Content Creation, Storytelling, Writing, Personal Development, Writing and Editing, Honesty",,Arts and Humanities
