url,title,partner,enroll,rating,level,duration,skills,reviews
https://www.coursera.org/specializations/data-analytics-and-deep-learning,Data Analytics and Deep Learning Specialization,Illinois Tech,,4.5,Intermediate level,6 months to complete,"Big Data, Convolutional Neural Networks, Data Analysis, Data Cleansing, Data Infrastructure, Data Management, Deep Learning, Exploratory Data Analysis, Machine Learning, Model Evaluation, Real Time Data, Recurrent Neural Networks (RNNs), Statistical Analysis, Transfer Learning, Data Visualization",40
https://www.coursera.org/learn/wharton-ai-strategy-governance,AI Strategy and Governance,University of Pennsylvania,"26,494",4.7,Beginner level,1 week at 10 hours a week,"Responsible AI, AI Enablement, Data Security, Artificial Intelligence, Business Transformation, Big Data, AI Product Strategy, Governance, Business Strategies, Innovation, Data Ethics, Data Governance",413
https://www.coursera.org/learn/intro-to-data-analytics,Introduction to Data Analytics for Accounting Professionals,Association of International Certified Professional Accountants,"10,525",4.7,Beginner level,,"Project Implementation, Business Intelligence, Analytical Skills, Data Analysis, Financial Data, Data-Driven Decision-Making, Data Strategy, Unstructured Data, Project Design, Data Quality, Business Analytics, Data Literacy",95
https://www.coursera.org/learn/sequence-models-tensorflow-gcp,Natural Language Processing on Google Cloud,Google Cloud,"23,085",4.4,Advanced level,,"Google Cloud Platform, Recurrent Neural Networks (RNNs), Deep Learning, Artificial Neural Networks, Embeddings, Natural Language Processing, Transfer Learning, Feature Engineering, Model Evaluation",540
https://www.coursera.org/learn/building-ai-agents-automation-and-nlp-foundations,Building AI Agents: Automation and NLP Foundations,Coursera,"6,869",4.5,Intermediate level,,"Responsible AI, Artificial Intelligence and Machine Learning (AI/ML), Generative AI Agents, Automation, Innovation, Agentic systems, Artificial Intelligence, Model Evaluation, LLM Application, Data Ethics, AI Enablement",31
https://www.coursera.org/learn/business-intelligence-data-warehousing,Business intelligence and data warehousing,Universidad Nacional Autónoma de México,"14,002",3.9,Intermediate level,1 week to complete,"Big Data, Data Integration, Extract, Transform, Load, Data Mining, Data Transformation, Data Warehousing, Business Intelligence, Database Design, Data Modeling, Business Analytics, Star Schema, SQL, Predictive Analytics, Unstructured Data",102
https://www.coursera.org/learn/analyze-and-visualize-data-using-power-bi,Analyze and Visualize Data Using Power BI,EDUCBA,,,Beginner level,,"Business Reporting, Data Security, Management Reporting, Data Presentation, Real Time Data",
https://www.coursera.org/learn/data-analysis-with-python,Data Analysis with Python,IBM,"627,824",4.7,Intermediate level,2 weeks at 10 hours a week,"Data Cleansing, Statistical Analysis, Data Analysis, Data Import/Export, Predictive Modeling, Feature Engineering, Model Evaluation, Data Transformation, Exploratory Data Analysis, Matplotlib, Data Preprocessing, Data Manipulation, Regression Analysis, Predictive Analytics, Data Visualization","19,626"
https://www.coursera.org/learn/ibm-exploratory-data-analysis-for-machine-learning,Exploratory Data Analysis for Machine Learning,IBM,"186,396",4.6,Intermediate level,1 week at 10 hours a week,"Statistical Analysis, Statistical Inference, Data Transformation, Data Cleansing, Machine Learning, Statistical Methods, Probability & Statistics, Anomaly Detection, Data Access, Feature Engineering, Data Manipulation, Data Quality, Data Import/Export, Exploratory Data Analysis, Data Preprocessing, Data Analysis, Statistical Hypothesis Testing","2,545"
https://www.coursera.org/learn/ai-in-supply-chain-forecasting-and-risk-management,AI in Supply Chain Forecasting and Risk Management,Coursera,"2,546",4.2,Beginner level,,"AI Enablement, Customer Demand Planning, Risk Management, Supply Chain Systems, Supply Chain Planning, Forecasting, Automation, Operational Efficiency, Supply Chain Management, Supplier Management, Transportation, Supply Chain, and Logistics, Risk Mitigation",16
https://www.coursera.org/learn/ibm-ai-workflow-feature-engineering-bias-detection,AI Workflow: Feature Engineering and Bias Detection,IBM ,"8,835",4.4,Advanced level,1 week to complete,"Natural Language Processing, MLOps (Machine Learning Operations), Exploratory Data Analysis, Model Evaluation, Text Mining, Data Science, Machine Learning Methods, Anomaly Detection, Data Ethics, Quality Assurance, Feature Engineering, Data Pipelines, Data Visualization, Data Preprocessing, Unsupervised Learning, Dimensionality Reduction, Responsible AI, Data Transformation, Machine Learning",76
https://www.coursera.org/learn/analyze-fraud-using-data-analytics-and-r,Analyze Fraud Using Data Analytics and R,EDUCBA,,,Beginner level,,"Advanced Analytics, Big Data, Predictive Analytics, Data-Driven Decision-Making, Machine Learning Methods, Analytical Skills, Analytics, Risk Analysis, Unsupervised Learning, Credit Risk, Supervised Learning, Threat Detection, Applied Machine Learning, Anomaly Detection",
https://www.coursera.org/learn/fundamentos-de-inteligencia-artificial-para-financas,Fundamentos de Inteligência Artificial para Finanças,Fundação Instituto de Administração,,4.7,Beginner level,3 weeks to complete,"Artificial Intelligence, Data-Driven Decision-Making, Data Science, Analytics, Predictive Analytics, Deep Learning, FinTech, Digital Transformation, Machine Learning, Artificial Neural Networks",24
https://www.coursera.org/specializations/machine-learning-specialization,Machine Learning: Theory and Hands-on Practice with Python Specialization,University of Colorado Boulder,"1,649",4.3,Intermediate level,4 weeks to complete,"Algorithms, Embeddings, Large Language Modeling, Natural Language Processing, Network Architecture, Network Model, Recurrent Neural Networks (RNNs)",18
https://www.coursera.org/learn/ethical-issues-data-science,Ethical Issues in Data Science,University of Colorado Boulder,"4,277",4.8,Beginner level,2 weeks at 10 hours a week,"Diversity Awareness, Data Science, Ethical Standards And Conduct, Case Studies, Machine Learning Algorithms, Healthcare Ethics, Information Privacy, Medical Privacy, Artificial Intelligence, Responsible AI, Data Security, Data Ethics, Algorithms",49
https://www.coursera.org/specializations/machine-learning-predictive-business-analytics,Apply Machine Learning for Predictive Business Analytics Specialization,EDUCBA,,,Beginner level,4 weeks to complete,"Advanced Analytics, Analytics, Business, Business Analytics, Customer Analysis, Customer Demand Planning, Data-Driven Decision-Making, Data Preprocessing, Exploratory Data Analysis, Feature Engineering, Financial Data, Machine Learning, Model Evaluation, Predictive Analytics, Predictive Modeling, Profit and Loss (P&L) Management, Risk Modeling, Supply Chain Management",
https://www.coursera.org/professional-certificates/python-sql-tableau-data-science,"Python, SQL, Tableau for Data Science Professional Certificate",Coursera,"5,221",3.9,Beginner level,5 months to complete,"A/B Testing, Data Analysis, Data Presentation, Data Storytelling, Data Visualization Software, Database Design, Database Management, Exploratory Data Analysis, Feature Engineering, Interactive Data Visualization, Machine Learning, Matplotlib, SQL, Tableau Software, Unsupervised Learning, Data Visualization",24
https://www.coursera.org/learn/ml-concepts-models--workflow-essentials,"ML Concepts, Models & Workflow Essentials",Coursera,,,Advanced level,,"Java, Feature Engineering, Data Pipelines, Deep Learning",
https://www.coursera.org/specializations/data-science-foundations,Data Science Foundations Specialization,University of London,"9,340",4.6,Beginner level,3 months to complete,"Algorithms, Correlation Analysis, Data Analysis, Data Import/Export, Data Literacy, Data Mining, Data Presentation, Data Science, Machine Learning, Predictive Modeling, Programming Principles, Project Management, Pseudocode, Unsupervised Learning, Web Scraping","117,070"
https://www.coursera.org/learn/data-modeling-in-power-bi,Data Modeling in Power BI,Microsoft,"95,461",4.3,Beginner level,2 weeks at 10 hours a week,"Data Visualization, Star Schema, Performance Tuning, Time Series Analysis and Forecasting, Data Analysis Expressions (DAX), Data Analysis, Database Design, Business Intelligence, Data Modeling, Data Warehousing",807
https://www.coursera.org/learn/chatgpt-for-data-analytics,ChatGPT & Generative AI for Data Analytics,Maven Analytics,"4,970",4.8,Beginner level,1 week to complete,"Business Intelligence, SQL, AI Enablement, Excel Formulas, Data Literacy, Debugging, Artificial Intelligence, Deep Learning, Data Science, Data Analysis, Analytics",21
https://www.coursera.org/learn/planning-a-generative-ai-project,Planning a Generative AI Project,Amazon Web Services,"7,234",4.5,Beginner level,,"AI Enablement, AI Product Strategy, Communication",157
https://www.coursera.org/specializations/chatgpt-gpt-zapier-excel-at-automation,"ChatGPT: Excel at Personal Automation with GPTs, AI & Zapier Specialization",Vanderbilt University,"11,413",4.8,Beginner level,4 weeks to complete,"Agentic systems, AI Enablement, AI Personalization, Artificial Intelligence, Automation, Email Automation, Expense Management, Expense Reports, Generative AI Agents, Large Language Modeling, LLM Application, Productivity, Prompt Patterns","8,364"
https://www.coursera.org/specializations/xlpbi,Excel to Power BI: Data Analysis & Business Intelligence Specialization,Knowledge Accelerators,"3,068",4.5,Beginner level,8 weeks to complete,"Analytics, Business Analysis, Business Analytics, Business Modeling, Business Reporting, Data Analysis, Data Cleansing, Data-Driven Decision-Making, Data Entry, Data Management, Data Modeling, Data Presentation, Data Processing, Data Storytelling, Data Synthesis, Excel Formulas, Trend Analysis","1,696"
https://www.coursera.org/learn/learn-embeddings-and-vector-databases,Retrieval-Augmented Generation (RAG) with Embeddings & Vector Databases,Scrimba,"6,363",4.7,Intermediate level,,"Development Environment, Artificial Intelligence, Retrieval-Augmented Generation, Semantic Web, Databases, Embeddings, Text Mining, Large Language Modeling",57
https://www.coursera.org/specializations/packt-ai-engineer-associate,AI Engineer Associate Specialization,Packt,,,Intermediate level,4 weeks to complete,"Agentic systems, Applied Machine Learning, Artificial Intelligence, Artificial Neural Networks, Convolutional Neural Networks, Data Preprocessing, Deep Learning, Dimensionality Reduction, Feature Engineering, Model Evaluation, Recurrent Neural Networks (RNNs), Responsible AI, Transfer Learning, Unsupervised Learning",
https://www.coursera.org/learn/promote-ethical-data-driven-technologies,Promote the Ethical Use of Data-Driven Technologies,CertNexus,"30,857",4.7,Beginner level,2 weeks at 10 hours a week,"Data Science, Diversity and Inclusion, Business Ethics, Ethical Standards And Conduct, Artificial Intelligence, Emerging Technologies, Data Ethics, Responsible AI, Big Data, Information Privacy, Personally Identifiable Information, Decision Making",291
https://www.coursera.org/learn/packt-introduction-to-rnn-and-dnn-xkwkj,Introduction to RNN and DNN,Packt,,,Beginner level,,"Natural Language Processing, Data Science, Artificial Intelligence, Applied Machine Learning, Machine Learning Methods, Supervised Learning, Artificial Neural Networks, Network Architecture, Artificial Intelligence and Machine Learning (AI/ML), Recurrent Neural Networks (RNNs), Machine Learning, Deep Learning",
https://www.coursera.org/learn/ai-integration-in-healthcare-patient-data,AI Integration in Healthcare Patient Data,Illinois Tech,,,,1 week to complete,"Clinical Data Management, Machine Learning, Data Quality, Decision Support Systems, Natural Language Processing, Responsible AI, Healthcare Ethics, Health Technology, Clinical Informatics, Health Informatics, Artificial Intelligence, Health Care, Data Ethics",
https://www.coursera.org/learn/advanced-learning-algorithms,Advanced Learning Algorithms,DeepLearning.AI,"437,433",4.9,Beginner level,3 weeks at 10 hours a week,"Performance Tuning, Data Ethics, Deep Learning, Applied Machine Learning, Artificial Neural Networks, Artificial Intelligence, Logistic Regression, Machine Learning, Random Forest Algorithm, Decision Tree Learning, Transfer Learning, Model Evaluation, Supervised Learning","8,619"
https://www.coursera.org/learn/ai-for-strategic-decision-intelligence,AI for Strategic Decision Intelligence,Edureka,,,Beginner level,1 week to complete,"Predictive Analytics, Data Security, Network Analysis, Responsible AI, Data Visualization, Artificial Intelligence and Machine Learning (AI/ML), Security Awareness, Natural Language Processing, Predictive Modeling, Business Intelligence, Reinforcement Learning, Business Marketing, Data-Driven Decision-Making, Text Mining, Data Presentation, Decision Making, Data Storytelling, Strategic Decision-Making",
https://www.coursera.org/learn/apply-natural-language-processing-techniques-in-python,Apply Natural Language Processing Techniques in Python,EDUCBA,,,Beginner level,,"Predictive Analytics, Unstructured Data, Applied Machine Learning, Data Transformation, Feature Engineering",
https://www.coursera.org/learn/ibm-ai-workflow-business-priorities-data-ingestion,AI Workflow: Business Priorities and Data Ingestion,IBM ,"14,764",4.3,Intermediate level,,"Data Cleansing, Data Science, Business Priorities, Data Quality, Data Processing, Data Validation, Design Thinking, Data Pipelines, Machine Learning, Process Design, Workflow Management, Strategic Thinking",189
https://www.coursera.org/specializations/power-bi-business-intelligence-dax-specialization,Analyze Business Data with Power BI & DAX Specialization,EDUCBA,,,Beginner level,4 weeks to complete,"Business Analysis, Business Intelligence, Business Reporting, Case Studies, Data Analysis, Data Analysis Expressions (DAX), Data Cleansing, Data-Driven Decision-Making, Data Import/Export, Data Modeling, Data Transformation, Gross Profit, Interactive Data Visualization, People Analytics, Performance Analysis, Stakeholder Analysis",
https://www.coursera.org/specializations/generative-ai-for-sales,Generative AI for Sales Specialization,Coursera,,4.1,Intermediate level,4 weeks to complete,"Account Management, AI Personalization, Artificial Intelligence, Business Intelligence, Business Process Automation, Competitive Analysis, Data-Driven Decision-Making, Forecasting, Generative AI Agents, Lead Generation, Machine Learning, Market Analysis, Marketing Automation, Responsible AI, Sales Development, Sales Management, Sales Pipelines, Sales Strategy, Sales Operations, Strategic Planning, Workflow Management",31
https://www.coursera.org/learn/fundamental-machine-learning-healthcare,Fundamentals of Machine Learning for Healthcare,Stanford University,"37,954",4.8,Beginner level,1 week at 10 hours a week,"Data Ethics, Machine Learning, Model Evaluation, Data Preprocessing, Responsible AI, Reinforcement Learning, Artificial Neural Networks, Deep Learning, Machine Learning Algorithms, Healthcare Ethics, Artificial Intelligence and Machine Learning (AI/ML), Convolutional Neural Networks, Health Policy, Applied Machine Learning, Healthcare Industry Knowledge",616
https://www.coursera.org/learn/business-analytics-bbva,Business Analytics,Campus BBVA,"16,943",4.6,Beginner level,,"Business Intelligence, Descriptive Statistics, Statistical Methods, Data Storytelling, Business Analytics, Probability Distribution, Statistical Analysis, Big Data, Data Visualization, Statistical Inference, Data Quality, Exploratory Data Analysis, Data-Driven Decision-Making, Data Analysis",219
https://www.coursera.org/learn/data-analysis-with-tableau-public,Data Analysis with Tableau,Tableau Learning Partner,"16,299",4.4,Beginner level,3 weeks at 10 hours a week,"Descriptive Statistics, Business Analytics, Tableau Software, Data Preprocessing, Data Visualization Software, Exploratory Data Analysis, Data Analysis, Histogram, Regression Analysis, Data Manipulation, Scatter Plots, Trend Analysis, Box Plots, Statistical Analysis, Predictive Analytics, Correlation Analysis, Analytics",105
https://www.coursera.org/learn/build-power-bi-insights,Build Power BI Insights,Coursera,,,Beginner level,,"Project Performance, Financial Analysis, Stakeholder Communications, Data Presentation, Analytics, Management Reporting, Data-Driven Decision-Making, Data Integration, Business Reporting, Financial Data, Business Intelligence, Business Metrics, Process Improvement",
https://www.coursera.org/learn/what-is-datascience,What is Data Science?,IBM,"1,279,202",4.7,Beginner level,1 week at 10 hours a week,"Big Data, Data Analysis, Machine Learning, Deep Learning, Data Mining, Data-Driven Decision-Making, Cloud Computing, Artificial Intelligence, Data Literacy, Digital Transformation, Data Science","77,510"
https://www.coursera.org/learn/ibm-ai-workflow-machine-learning-vr-nlp,"AI Workflow: Machine Learning, Visual Recognition and NLP",IBM ,"10,720",4.4,Advanced level,1 week to complete,"Decision Tree Learning, Supervised Learning, Random Forest Algorithm, Regression Analysis, Deep Learning, Machine Learning, Computer Vision, Convolutional Neural Networks, Artificial Neural Networks, Artificial Intelligence and Machine Learning (AI/ML), Machine Learning Methods, Applied Machine Learning, Natural Language Processing, Image Analysis, Data Science, Machine Learning Algorithms, Model Evaluation",90
https://www.coursera.org/learn/gpt-vision,GPT Vision: Seeing the World through Generative AI,Vanderbilt University,"18,831",4.8,Beginner level,,"Data Storytelling, Computer Vision, Image Analysis, Project Controls, Cooking, Photography, Artificial Intelligence, Social Media Content, Expense Management, Organizational Skills, Expense Reports",230
https://www.coursera.org/learn/foundations-of-ai-in-healthcare,Foundations of AI in Healthcare,SkillUp,,,Intermediate level,,"Model Evaluation, MLOps (Machine Learning Operations), Data Analysis, Clinical Informatics, Health Informatics, Clinical Research, Artificial Intelligence and Machine Learning (AI/ML), Artificial Intelligence",
https://www.coursera.org/learn/jb-python-libraries-numpy,Python: Mastering NumPy Essentials,JetBrains,,,Beginner level,,"Data Science, Data Manipulation, Software Development Tools, Engineering, Scientific, and Technical Instruments, Data Management, Software Development, Linear Algebra, Machine Learning, Numerical Analysis",
https://www.coursera.org/learn/vibe-coding-with-cursor-ai,Vibe Coding with Cursor AI,Scrimba,"19,324",4.4,Intermediate level,,"User Interface (UI), Code Review, System Configuration, Context Management, Software Installation, Debugging, Computer Programming Tools, Software Development, Web Development",153
https://www.coursera.org/learn/analyze-and-predict-card-purchases-using-r,Analyze and Predict Card Purchases Using R,EDUCBA,,,Beginner level,,"Risk Modeling, Data Preprocessing, Predictive Analytics, Exploratory Data Analysis, Predictive Modeling, Model Evaluation, Decision Tree Learning, Feature Engineering, Statistical Modeling, Data Analysis, Logistic Regression, Data Import/Export",
https://www.coursera.org/learn/advanced-prompt-engineering-for-everyone,Advanced Prompt Engineering for Everyone,Vanderbilt University,"40,004",4.8,Intermediate level,,"Retrieval-Augmented Generation, Large Language Modeling, LLM Application, Verification And Validation, Context Management, Data Analysis, Prompt Patterns, AI Personalization, Model Evaluation, Artificial Intelligence",623
https://www.coursera.org/specializations/ai-agents-python,AI Agents and Agentic AI in Python: Powered by Generative AI Specialization,Vanderbilt University,"21,266",4.8,Beginner level,4 weeks to complete,"Agentic systems, AI Enablement, AI Security, Application Development, Artificial Intelligence, Creativity, Generative AI Agents, Large Language Modeling, LLM Application, Productivity, Prompt Patterns, Tool Calling","8,158"
https://www.coursera.org/specializations/data-science-beyond-the-basics-ml-and-ds,Data Science Beyond the Basics (ML+DS) Specialization,Coursera,,4.2,Intermediate level,5 months to complete,"A/B Testing, AI Personalization, Applied Machine Learning, Data Analysis, Data Preprocessing, Deep Learning, Generative Model Architectures, Large Language Modeling, LLM Application, Machine Learning, Model Evaluation, Recurrent Neural Networks (RNNs), Supervised Learning, Time Series Analysis and Forecasting, Transfer Learning, Unsupervised Learning",26
https://www.coursera.org/learn/foundations-of-business-intelligence,Foundations of Business Intelligence,Google,"191,700",4.8,Advanced level,2 weeks at 10 hours a week,"Real Time Data, Business Process, Data Presentation, Data-Driven Decision-Making, Data Integration, Stakeholder Engagement, Key Performance Indicators (KPIs), Data Modeling, Business Analytics, Business Intelligence, Data Pipelines, Data Storytelling, Project Implementation, Data Analysis","2,125"
https://www.coursera.org/learn/cnns-and-rnns,Fundamentals of  CNNs and RNNs,Sungkyunkwan University,"5,504",4.4,Beginner level,,"Recurrent Neural Networks (RNNs), Artificial Neural Networks, Convolutional Neural Networks, Natural Language Processing, Machine Learning, Computer Vision, Deep Learning, Image Analysis",40
https://www.coursera.org/learn/maximizing-the-generative-ai-value,Maximizing the Generative AI Value,Coursera,,,Intermediate level,,"Operational Efficiency, Artificial Intelligence, AI Product Strategy, Product Design, Return On Investment, Customer Support, Innovation, Content Creation, Performance Measurement, AI Enablement, Data Ethics, Responsible AI, Business Process Automation",
https://www.coursera.org/specializations/machine-learning-tensorflow-gcp-es,Machine Learning with TensorFlow on Google Cloud en Español Specialization,Google Cloud,"5,555",4.6,Intermediate level,2 months to complete,"Applied Machine Learning, Artificial Neural Networks, Data Cleansing, Data Pipelines, Data Preprocessing, Data Quality, Exploratory Data Analysis, Feature Engineering, Google Cloud Platform, Logistic Regression, Machine Learning, MLOps (Machine Learning Operations), Model Evaluation, Performance Tuning, Responsible AI, Supervised Learning",448
https://www.coursera.org/learn/generative-ai-elevate-your-business-intelligence-career,Generative AI: Elevate your Business Intelligence Career,SkillUp,"4,212",4.7,Intermediate level,1 week to complete,"Data Visualization, Data Analysis, Responsible AI, Business Intelligence, Artificial Intelligence, Interactive Data Visualization, Data Ethics, Data Presentation, Artificial Intelligence and Machine Learning (AI/ML), Presentations, Natural Language Processing, SQL, Infographics",34
https://www.coursera.org/learn/understand-apply-artificial-intelligence-fundamentals,Understand and Apply Artificial Intelligence Fundamentals,EDUCBA,,,Beginner level,,"Data Ethics, Artificial Intelligence and Machine Learning (AI/ML), Data-Driven Decision-Making",
https://www.coursera.org/specializations/deep-learning-computer-vision,Deep Learning for Computer Vision Specialization,MathWorks,"3,096",4.9,Beginner level,4 weeks to complete,"Anomaly Detection, Applied Machine Learning, Artificial Neural Networks, Computer Vision, Convolutional Neural Networks, Data Analysis, Data Preprocessing, Data Synthesis, Deep Learning, Image Analysis, Model Evaluation, Performance Tuning, Transfer Learning, Data Visualization",35
https://www.coursera.org/learn/getting-started-with-tensor-flow2,Getting started with TensorFlow 2,Imperial College London,"39,620",4.9,Intermediate level,3 weeks at 10 hours a week,"Computer Vision, Model Evaluation, Transfer Learning, Supervised Learning, Convolutional Neural Networks, Data Preprocessing, Deep Learning, Image Analysis, Artificial Neural Networks",582
https://www.coursera.org/learn/data-ecosystem,Data Ecosystem,Tableau Learning Partner,"12,323",4.7,Beginner level,2 weeks at 10 hours a week,"Databases, Data Management, Data Quality, Data Integrity, Spreadsheet Software, Data Modeling, Business Intelligence, Data Architecture, Data Infrastructure, Data Storage, Tableau Software, Data Warehousing, Data Literacy, Data Governance, Data Ethics, Extract, Transform, Load, Database Management",123
https://www.coursera.org/learn/nlp-sequence-models,Sequence Models,DeepLearning.AI,"457,204",4.8,Intermediate level,4 weeks at 10 hours a week,"Recurrent Neural Networks (RNNs), Embeddings, Deep Learning, Natural Language Processing, Transfer Learning, Artificial Neural Networks","31,229"
https://www.coursera.org/learn/genai-for-sales-teams,GenAI for Sales Teams,Coursera,,,Beginner level,,"AI Enablement, Sales Process, Sales Management, Sales Strategy, Generative AI Agents, Data-Driven Decision-Making, Responsible AI, Customer experience improvement, Customer Engagement, Sales Enablement, Sales Operations, Sales Development, Sales",
https://www.coursera.org/specializations/mathematics-machine-learning,Mathematics for Machine Learning Specialization,Imperial College London,"264,733",4.6,Beginner level,4 weeks to complete,"Advanced Mathematics, Algorithms, Applied Mathematics, Artificial Neural Networks, Calculus, Data Preprocessing, Derivatives, Dimensionality Reduction, Feature Engineering, Linear Algebra, Machine Learning Algorithms, Mathematical Modeling, Regression Analysis, Statistics, Unsupervised Learning","15,024"
https://www.coursera.org/learn/packt-deep-learning-artificial-neural-networks-with-tensorflow-hwnnu,Deep Learning - Artificial Neural Networks with TensorFlow,Packt,,,Intermediate level,,"Machine Learning Algorithms, Model Evaluation, Regression Analysis, Convolutional Neural Networks, Machine Learning, Deep Learning, Artificial Neural Networks, Image Analysis, Supervised Learning, Recurrent Neural Networks (RNNs)",
https://www.coursera.org/learn/analyze-and-predict-prices-using-regression-techniques,Analyze and Predict Prices Using Regression Techniques,EDUCBA,,,Beginner level,,"Regression Analysis, Data Cleansing, Model Evaluation, Data Validation, Workflow Management, Data Analysis, Forecasting, Data Wrangling, Statistical Modeling, Data Transformation, Feature Engineering, Data Preprocessing, Exploratory Data Analysis, Predictive Analytics, Data Manipulation",
https://www.coursera.org/learn/google-use-ai-as-a-creative-or-expert-partner,Use AI as a Creative or Expert Partner,Google,"105,352",4.8,Beginner level,,"Solution Design, AI Enablement, Ideation, Multimodal Prompts, Software Versioning, Generative AI Agents, Scenario Testing","2,073"
https://www.coursera.org/specializations/data-visualization-primer-tools-and-techniques,Data Visualization Primer: Tools & Techniques Specialization,Coursera,,4.6,Intermediate level,4 weeks to complete,"Business Analytics, Business Intelligence, Data Analysis, Data-Driven Decision-Making, Data Presentation, Data Storytelling, Histogram, Interactive Data Visualization, Matplotlib, Statistical Visualization, Tableau Software, Time Series Analysis and Forecasting, Data Visualization",672
https://www.coursera.org/learn/production-ai-model-development-ethics-t3,Production AI Model Development and Ethics,Coursera,,,Intermediate level,1 week to complete,"Artificial Intelligence and Machine Learning (AI/ML), Model Evaluation, MLOps (Machine Learning Operations), Feature Engineering, Technical Documentation, Machine Learning, Responsible AI, Data Ethics, Scalability, Software Documentation, Data Pipelines, Deep Learning, Data Preprocessing",
https://www.coursera.org/learn/data-warehousing-and-integration-part-1,Data Warehousing and Integration Part 1,Northeastern University ,,,,2 weeks to complete,"Data Analysis, Data Governance, Systems Design, Star Schema, Data Management, Database Design, Business Intelligence, Data Architecture, SQL, Data Mining, Data Warehousing, Data Integration, Extract, Transform, Load, Data Modeling, Data Quality",
https://www.coursera.org/learn/design--present-responsible-ai-solutions,Design & Present Responsible AI Solutions,Coursera,,,Intermediate level,,"Project Documentation, Data Ethics, Ethical Standards And Conduct, Responsible AI, Governance, Risk Management, Accountability, Risk Mitigation, Stakeholder Communications, Case Studies, Data Storytelling, Technical Communication, Stakeholder Analysis, Presentations, Artificial Intelligence, Design",
https://www.coursera.org/specializations/generative-ai-for-data-analysts,Generative AI for Data Analysts Specialization,IBM,"14,427",4.7,Intermediate level,8 weeks to complete,"AI Personalization, Analytics, Artificial Intelligence and Machine Learning (AI/ML), Data Analysis, Data Cleansing, Data Ethics, Data Storytelling, Data Visualization Software, Prompt Engineering Tools, Prompt Patterns, Real Time Data, Responsible AI, Statistical Analysis","11,427"
https://www.coursera.org/learn/deep-learning-computer-vision,Deep Learning Applications for Computer Vision,University of Colorado Boulder,"8,798",4.7,Intermediate level,2 weeks at 10 hours a week,"Machine Learning, Applied Machine Learning, Computer Vision, Performance Tuning, Model Evaluation, Image Analysis, Deep Learning, Artificial Neural Networks, Convolutional Neural Networks",88
https://www.coursera.org/learn/star-schemas--track-changes,Star Schemas & Track Changes,Coursera,,,Intermediate level,,"Performance Tuning, Extract, Transform, Load, Data Transformation, Data Warehousing, Data Integrity, Data Quality, Star Schema, Database Design, Data Mart, Performance Analysis, Data Modeling, Business Intelligence",
https://www.coursera.org/learn/introduction-to-deep-learning-boulder,Introduction to Deep Learning,University of Colorado Boulder,,,Intermediate level,2 weeks to complete,"Embeddings, Network Model, Artificial Intelligence and Machine Learning (AI/ML), Network Architecture, Large Language Modeling, Recurrent Neural Networks (RNNs), Natural Language Processing",
https://www.coursera.org/learn/genai-in-healthcare--life-sciences,GenAI in Healthcare & Life Sciences,Starweaver,,,Intermediate level,,"Patient-centered Care, AI Personalization, Ethical Standards And Conduct, Artificial Intelligence, Medical Imaging, Health Informatics, Digital Transformation, Clinical Trials, Patient Education And Counseling, Decision Support Systems, Health Insurance Portability And Accountability Act (HIPAA) Compliance, Science and Research, Clinical Research, Precision Medicine, Clinical Documentation, Healthcare Ethics, Radiology, Health Care Procedure and Regulation",
https://www.coursera.org/specializations/generative-ai-engineering-with-llms,Generative AI Engineering with LLMs Specialization,IBM,"17,224",4.5,Intermediate level,12 weeks to complete,"Artificial Intelligence, Data Ethics, Data Pipelines, Data Preprocessing, Embeddings, Generative AI Agents, Generative Model Architectures, Large Language Modeling, LLM Application, Natural Language Processing, Recurrent Neural Networks (RNNs), Retrieval-Augmented Generation, Text Mining, Transfer Learning",931
https://www.coursera.org/specializations/ai-product-management-duke,AI Product Management Specialization,Duke University,"58,078",4.7,Beginner level,4 months to complete,"Classification And Regression Tree (CART), Data Ethics, Data Management, Data Preprocessing, Data Quality, Data Science, Deep Learning, Human Centered Design, Human Computer Interaction, Machine Learning, MLOps (Machine Learning Operations), Model Evaluation, Product Design, Product Management, Project Management, Project Management Life Cycle, Responsible AI, Unsupervised Learning, User Experience Design","1,097"
https://www.coursera.org/learn/analyze-financial-and-market-data-using-spss-regression,Analyze Financial & Market Data Using SPSS Regression,EDUCBA,,,Beginner level,,"Scatter Plots, Statistical Analysis, Statistical Modeling, Exploratory Data Analysis, Market Data, Data Analysis, Technical Communication, Financial Modeling, Statistical Reporting, Data-Driven Decision-Making, Statistical Visualization, Regression Analysis, Analytics",
https://www.coursera.org/specializations/vector-database-fundamentals,Vector Database Fundamentals Specialization,IBM,"3,684",4.6,Intermediate level,4 weeks to complete,"AI Personalization, Applied Machine Learning, Artificial Intelligence, Data Science, Databases, Database Design, Database Management, Embeddings, LLM Application, Machine Learning, SQL, Text Mining",71
https://www.coursera.org/specializations/prompt-engineering,Prompt Engineering Specialization,Vanderbilt University,"123,107",4.8,Beginner level,4 weeks to complete,"AI Enablement, Artificial Intelligence, Creativity, Data Analysis, Data Presentation, Document Management, Ideation, Information Management, Large Language Modeling, LLM Application, Problem Solving, Productivity, Prompt Patterns, Responsible AI, Risk Management Framework, Verification And Validation","8,879"
https://www.coursera.org/specializations/jhu-data-science,Data Science Specialization,Johns Hopkins University,"508,976",4.5,Beginner level,7 months to complete,"Data Cleansing, Data Manipulation, Data Science, Exploratory Data Analysis, Interactive Data Visualization, Machine Learning, Machine Learning Algorithms, Model Evaluation, Plot (Graphics), Predictive Modeling, Regression Analysis, Statistical Analysis, Statistical Inference, Statistical Hypothesis Testing, Version Control","50,929"
https://www.coursera.org/learn/ibm-data-analyst-capstone-project,IBM Data Analyst Capstone Project,IBM,"85,977",4.7,Advanced level,3 weeks at 10 hours a week,"Web Scraping, IBM Cognos Analytics, Statistical Analysis, Data Analysis, Matplotlib, Box Plots, Histogram, Exploratory Data Analysis, Data Presentation, Correlation Analysis, Data Wrangling, Data Visualization, Scatter Plots, Looker (Software), Data Collection","1,340"
https://www.coursera.org/learn/image-understanding-tensorflow-gcp,Computer Vision Fundamentals with Google Cloud,Google Cloud,"18,699",4.6,Advanced level,2 weeks at 10 hours a week,"Computer Vision, Transfer Learning, Google Cloud Platform, Applied Machine Learning, Feature Engineering, Cloud API, Convolutional Neural Networks, Data Preprocessing, Deep Learning, Model Evaluation, Image Analysis, Artificial Neural Networks",548
https://www.coursera.org/learn/feature-engineering,Feature Engineering,Google Cloud,"39,756",4.5,Intermediate level,,"Data Store, Data Pipelines, MLOps (Machine Learning Operations), Data Preprocessing, Real Time Data, Data Transformation, Data Storage, Data Processing, Machine Learning, Feature Engineering, Data Modeling","1,794"
https://www.coursera.org/learn/microsoft-azure-machine-learning-for-data-scientist,Microsoft Azure Machine Learning for Data Scientists,Microsoft,"16,637",4.3,Intermediate level,1 week to complete,"Responsible AI, Regression Analysis, Artificial Intelligence and Machine Learning (AI/ML), Data Pipelines, Model Evaluation, Applied Machine Learning, Unsupervised Learning, Predictive Modeling, Supervised Learning, MLOps (Machine Learning Operations), Machine Learning",178
https://www.coursera.org/specializations/ai-agents-mode-context-protocol,AI Agents with Model Context Protocol & Typescript Specialization,Vanderbilt University,,4.8,Beginner level,4 weeks to complete,"Agentic systems, AI Enablement, AI Security, Artificial Intelligence and Machine Learning (AI/ML), Generative AI Agents, Ideation, LLM Application, Multimodal Prompts, Prompt Engineering Tools, Prompt Patterns, Verification And Validation","8,430"
https://www.coursera.org/learn/edge-ai-fundamentals,Edge AI Fundamentals,Edge Impulse,,,Beginner level,,"Product Development, Machine Learning Methods, Anomaly Detection, Convolutional Neural Networks, Deep Learning, Product Engineering, Internet Of Things, MLOps (Machine Learning Operations), Computer Vision, Artificial Intelligence, Cloud Computing, Data Science, Machine Learning, Industrial Engineering, Artificial Intelligence and Machine Learning (AI/ML), Embedded Systems",
https://www.coursera.org/learn/ai-technologies-in-healthcare,AI Technologies in Healthcare,SkillUp,,,Intermediate level,,"Health Information Management, Artificial Intelligence and Machine Learning (AI/ML), AI Enablement, AI Product Strategy, Generative Model Architectures, Data Analysis, LLM Application, Model Evaluation, Multimodal Prompts, Data Preprocessing, Health Systems",
https://www.coursera.org/learn/statistical-analysis-and-data-modeling-in-healthcare,Statistical Analysis and Data Modeling in Healthcare,SkillUp,,,Intermediate level,,"Regression Analysis, Random Forest Algorithm, Data Analysis, Health Informatics, Clinical Data Management, Supervised Learning, Analytics, Healthcare Ethics, Probability & Statistics, Statistical Analysis, Decision Tree Learning, Statistical Hypothesis Testing, Clinical Assessment, Statistics, Machine Learning Methods, Predictive Analytics",
https://www.coursera.org/learn/building-deep-learning-models-with-tensorflow,Deep Learning with Keras and Tensorflow,IBM,"55,341",4.4,Intermediate level,2 weeks at 10 hours a week,"Unsupervised Learning, Reinforcement Learning, Model Evaluation, Recurrent Neural Networks (RNNs), Deep Learning, Performance Tuning, Computer Vision, Convolutional Neural Networks, Transfer Learning","1,024"
https://www.coursera.org/learn/ai-and-disaster-management,AI and Disaster Management,DeepLearning.AI,"13,775",4.7,Beginner level,1 week at 10 hours a week,"Artificial Neural Networks, Convolutional Neural Networks, Emergency Response, Data Preprocessing, Disaster Recovery, Data Ethics, Spatial Data Analysis, Image Analysis, Computer Vision, Geospatial Mapping, Mitigation, Natural Language Processing, Text Mining, Artificial Intelligence, Model Evaluation, Exploratory Data Analysis",319
https://www.coursera.org/specializations/deep-learning-engineering,Deep Learning Engineering Specialization,Coursera,,,Advanced level,4 weeks to complete,"Applied Machine Learning, Artificial Neural Networks, Cloud Computing, Computer Vision, Containerization, Data Pipelines, Debugging, Deep Learning, Distributed Computing, MLOps (Machine Learning Operations), Model Evaluation, Natural Language Processing, Performance Tuning, Transfer Learning",
https://www.coursera.org/learn/ai-for-medical-diagnosis,AI for Medical Diagnosis,DeepLearning.AI,"91,842",4.7,Intermediate level,2 weeks at 10 hours a week,"Natural Language Processing, Statistical Machine Learning, Probability & Statistics, Medical Science and Research, Image Analysis, Machine Learning, Model Evaluation, Magnetic Resonance Imaging, Predictive Modeling, Diagnostic Radiology, Machine Learning Methods, Data Preprocessing, Medical Imaging, Deep Learning, Artificial Intelligence, Convolutional Neural Networks, Risk Modeling, Applied Machine Learning","2,056"
https://www.coursera.org/learn/genai-for-financial-insights-and-analysis-with-quill,GenAI for Financial Insights and Analysis with QUILL,Coursera,,,Intermediate level,,"Data-Driven Decision-Making, Market Intelligence, Financial Data, Analysis, Financial Statements, Natural Language Processing, Financial Market, Artificial Intelligence, Investment Management, Trend Analysis, Financial Analysis, Unstructured Data",
https://www.coursera.org/learn/foundational-mathematics-for-ai,Foundational Mathematics for AI,Johns Hopkins University,"3,493",4.9,Beginner level,5 weeks to complete,"Exploratory Data Analysis, Data-Driven Decision-Making, Descriptive Statistics, Probability, Statistical Analysis, Applied Mathematics, Mathematical Modeling, Data Analysis, Artificial Intelligence, Dimensionality Reduction, Advanced Mathematics, Linear Algebra, Calculus, Regression Analysis, Statistical Modeling, Probability Distribution, Machine Learning Algorithms",10
https://www.coursera.org/learn/sample-based-learning-methods,Sample-based Learning Methods,University of Alberta,"38,020",4.8,Intermediate level,2 weeks at 10 hours a week,"Artificial Intelligence and Machine Learning (AI/ML), Sampling (Statistics), Machine Learning, Machine Learning Algorithms, Simulations, Algorithms, Probability Distribution, Reinforcement Learning","1,255"
https://www.coursera.org/learn/track-marketing-goals-with-google-analytics,Track Marketing Goals with Google Analytics,Coursera,,,Beginner level,2 weeks to complete,"Goal Setting, Performance Metric, Trend Analysis, Digital Marketing, Marketing Analytics, Web Analytics, Analytics, Marketing Effectiveness, Data-Driven Decision-Making, Smart Goals, Data Analysis, Performance Analysis, Web Analytics and SEO, Customer Insights, Content Performance Analysis",
https://www.coursera.org/learn/packt-accelerate-model-training-with-pytorch-2x,Accelerate Model Training with PyTorch 2.X,Packt,,,Beginner level,,"Distributed Computing, MLOps (Machine Learning Operations), Machine Learning, Data Pipelines, Computer Architecture, Deep Learning, Performance Tuning, LLM Application, Hardware Architecture, Scalability",
https://www.coursera.org/specializations/tensorflow2-deeplearning,TensorFlow 2 for Deep Learning Specialization,Imperial College London,"23,405",4.8,Intermediate level,3 months to complete,"Applied Machine Learning, Artificial Neural Networks, Bayesian Statistics, Computer Vision, Convolutional Neural Networks, Data Pipelines, Data Preprocessing, Deep Learning, Generative Model Architectures, Image Analysis, Model Evaluation, Natural Language Processing, Probability Distribution, Recurrent Neural Networks (RNNs), Supervised Learning, Transfer Learning",722
https://www.coursera.org/specializations/business-analytics,Business Analytics Specialization,University of Pennsylvania,"212,419",4.6,Beginner level,2 months to complete,"Analytics, Business Analytics, Customer Analysis, Customer Insights, Data-Driven Decision-Making, Descriptive Analytics, Financial Accounting, Financial Analysis, Financial Data, Financial Statement Analysis, Human Capital, Human Resource Strategy, Human Resources, Marketing Analytics, Operational Analysis, Operational Efficiency, Operations Research, Peer Review, People Analytics, Predictive Analytics","18,388"
https://www.coursera.org/learn/fundamentals-machine-learning-in-finance,Fundamentals of Machine Learning in Finance,New York University,"23,016",3.7,Intermediate level,2 weeks to complete,"Decision Tree Learning, Regression Analysis, Applied Machine Learning, Exploratory Data Analysis, Correlation Analysis, Machine Learning, Portfolio Management, Reinforcement Learning, Artificial Neural Networks, Dimensionality Reduction, Financial Services, Unsupervised Learning, Financial Trading, Supervised Learning",341
https://www.coursera.org/specializations/interviewing-ds-ai,Interviewing for DS/AI Roles Specialization,"University of California, Irvine",,4.6,Beginner level,12 weeks to complete,"Artificial Intelligence, Artificial Intelligence and Machine Learning (AI/ML), Big Data, Compensation and Benefits, Data Analysis, Data Architecture, Data Science, Goal Setting, Interviewing Skills, Job Analysis, Machine Learning, Negotiation, Presentations, Professional Development, Professional Networking, Recruitment, Talent Sourcing, Technical Consulting, Workforce Planning",22
https://www.coursera.org/learn/introduction-to-designing-data-lakes-in-aws,Building Data Lakes on AWS,Amazon Web Services,"39,887",4.7,Beginner level,1 week at 10 hours a week,"Data Science, Data Engineering, Data Import/Export, Data Infrastructure, Data Warehousing, Data Management, Data Architecture, Data Processing, Data Storage, Data Governance, Machine Learning, Data Transformation, Data Visualization",307
https://www.coursera.org/learn/packt-building-recommender-systems-with-machine-learning-and-ai-7kdhj,Building Recommender Systems with Machine Learning and AI,Packt,,,Intermediate level,1 week to complete,"Scalability, Dimensionality Reduction, Unsupervised Learning, Applied Machine Learning, Model Evaluation, Performance Tuning, Data Preprocessing, Artificial Intelligence and Machine Learning (AI/ML)",
https://www.coursera.org/learn/genai-for-contract-managers-automating-clm,GenAI for Contract Managers: Automating CLM,Coursera,,,Intermediate level,,"Compliance Management, Document Management, Contract Review, Vendor Management, Automation, Workflow Management, Performance Analysis, Business Process Automation, Analysis, Risk Management, Process Optimization, Legal Technology, Contract Management",
https://www.coursera.org/learn/trustworthy-generative-ai,Trustworthy Generative AI,Vanderbilt University,"52,522",4.8,Beginner level,,"Responsible AI, Artificial Intelligence, Problem Solving, Creativity, Ideation, Risk Management Framework, Verification And Validation",968
https://www.coursera.org/learn/machine-learning-applied,Introduction to Applied Machine Learning,Alberta Machine Intelligence Institute,"27,517",4.7,Intermediate level,,"Business Analysis, Machine Learning, Case Studies, Applied Machine Learning, Artificial Intelligence, Data Collection, Unsupervised Learning, Data Quality, Machine Learning Algorithms, Business Requirements, Product Lifecycle Management, Supervised Learning, Data Preprocessing, Data Ethics",747
https://www.coursera.org/specializations/reinforcement-learning,Reinforcement Learning Specialization,University of Alberta,"64,073",4.7,Intermediate level,2 months to complete,"Algorithms, Artificial Intelligence, Artificial Intelligence and Machine Learning (AI/ML), Artificial Neural Networks, Deep Learning, Feature Engineering, Linear Algebra, Machine Learning, Machine Learning Algorithms, Markov Model, Model Evaluation, Performance Testing, Performance Tuning, Probability Distribution, Pseudocode, Reinforcement Learning, Sampling (Statistics), Simulations, Supervised Learning","3,581"
https://www.coursera.org/learn/ai-agents-java,AI Agents in Java with Generative AI,Vanderbilt University,"3,630",4.2,Beginner level,1 week to complete,"Generative AI Agents, LLM Application, Java, Debugging, Application Development, Agentic systems, Tool Calling",25
https://www.coursera.org/learn/statistical-inference-for-estimation-in-data-science,Statistical Estimation for Data Science and AI,University of Colorado Boulder,"9,515",4.1,Intermediate level,3 weeks at 10 hours a week,"Statistics, Probability Distribution, Statistical Inference, Theoretical Computer Science, Data Literacy, Statistical Methods, Artificial Intelligence, Applied Mathematics, Probability & Statistics, Sampling (Statistics), Statistical Analysis",90
https://www.coursera.org/learn/analyze-and-optimize-pricing-with-tableau-and-r,Analyze and Optimize Pricing with Tableau and R,EDUCBA,,,Beginner level,,"Predictive Analytics, Regression Analysis, Case Studies, Key Performance Indicators (KPIs), Market Dynamics, Tableau Software, Analytics, Business Intelligence, Business Analytics, Advanced Analytics, Data Analysis, Revenue Management, Business Requirements, Interactive Data Visualization, Customer Analysis, Data-Driven Decision-Making, Descriptive Analytics",
https://www.coursera.org/learn/business-intelligence-con-tableau,Business Intelligence con la Product Suite di Tableau,Università di Napoli Federico II,,,Advanced level,3 weeks to complete,"Data Presentation, Data Sharing, Data Storytelling, Data Visualization Software, Data Transformation, Tableau Software, Data Cleansing, Business Analytics, Data Preprocessing, Peer Review, Interactive Data Visualization, Business Intelligence",
https://www.coursera.org/learn/security-for-artificial-intelligence-software-and-services,Security for Artificial Intelligence Software and Services,Board Infinity ,,3.6,Intermediate level,,"Threat Management, Continuous Monitoring, Security Controls, Cyber Security Assessment, Application Security, Vulnerability Assessments, Responsible AI, Threat Modeling, Security Awareness, Penetration Testing, AI Security, Cybersecurity, Data Security, Data Ethics, Data Management, Secure Coding, Authorization (Computing), Encryption, Security Testing",16
https://www.coursera.org/learn/data-intelligence-organisations-entreprise-business-bigdata,La Data Intelligence au service des organisations,Institut Mines-Télécom,,,Beginner level,1 week to complete,"Information Privacy, Business Strategy, Data Quality, Data Strategy, Data Analysis, Data Visualization, Data Management, Artificial Intelligence, General Data Protection Regulation (GDPR), Data Literacy, Business Analytics, Data Modeling, Digital Transformation, Big Data, Business Intelligence, Data Governance",
https://www.coursera.org/learn/data-science-ethics,Data Science Ethics,University of Michigan,"56,549",4.7,Beginner level,2 weeks at 10 hours a week,"Data Ethics, Data Analysis, Policy Analysis, Bayesian Statistics","1,296"
https://www.coursera.org/learn/power-bi-dashboards-collaboration-optimization-lo095214,"Power BI: Dashboards, Collaboration, and Optimization",Logical Operations,,,,,"Interactive Data Visualization, Data Sharing, Performance Tuning, Business Intelligence, Data Analysis, Data Analysis Software, Collaboration",
https://www.coursera.org/learn/packt-getting-started-with-vector-databases-and-ai-embeddings-mmi6s,Getting Started with Vector Databases and AI Embeddings,Packt,,,Beginner level,,"Embeddings, Data Storage, Retrieval-Augmented Generation, Scalability, Unstructured Data, Artificial Intelligence, Anomaly Detection, Deep Learning, Databases",
https://www.coursera.org/learn/analyze-predict-shipping-time-machine-learning,Analyze and Predict Shipping Time Using Machine Learning,EDUCBA,,,Beginner level,,"Logistics, Exploratory Data Analysis, Data Preprocessing, Transportation Operations, Correlation Analysis, Customer Demand Planning, Data Analysis, Predictive Modeling, Forecasting, Data Quality, Applied Machine Learning, Statistical Analysis, Supply Chain, Feature Engineering, Machine Learning, Model Evaluation",
https://www.coursera.org/learn/machine-learning-classification-algorithms,Machine Learning Algorithms: Supervised Learning Tip to Tail,Alberta Machine Intelligence Institute,"17,971",4.7,,,"Regression Analysis, Decision Tree Learning, Business Solutions, Supervised Learning, Model Evaluation, Machine Learning Algorithms, Feature Engineering, Data Preprocessing, Process Optimization, Data Processing, Applied Machine Learning, Performance Analysis, Machine Learning",417
https://www.coursera.org/learn/computer-vision-and-sequence-analysis-in-machine-learning,Computer Vision and Sequence Analysis in Machine Learning,Cleveland Clinic ,,,Intermediate level,2 weeks to complete,"Predictive Modeling, Applied Machine Learning, Convolutional Neural Networks, Data Structures, Model Evaluation, Biomedical Engineering, Transfer Learning, Health Informatics",
https://www.coursera.org/learn/build-robust-java-ml-models-with-entropy,Build Robust Java ML Models with Entropy,Coursera,,,Advanced level,,"Algorithms, Decision Tree Learning, Model Evaluation, Data Preprocessing, Applied Machine Learning, Java, Business Development, Feature Engineering, Program Evaluation, Machine Learning, Random Forest Algorithm, Predictive Modeling, Program Implementation",
https://www.coursera.org/specializations/clin-decision-deep-learning,Informed Clinical Decision Making using Deep Learning Specialization,University of Glasgow ,"2,860",4.4,Intermediate level,2 months to complete,"AI Security, Analytics, Clinical Data Management, Clinical Informatics, Data Ethics, Data Mining, Data Preprocessing, Database Design, Deep Learning, Descriptive Analytics, Electronic Medical Record, Health Informatics, ICD Coding (ICD-9/ICD-10), Machine Learning, Medical Records, Model Evaluation, Precision Medicine, Recurrent Neural Networks (RNNs), Responsible AI",35
https://www.coursera.org/learn/apply-personalized-ai-coaching-chatgpt,Apply Personalized AI Coaching with ChatGPT,EDUCBA,,,Beginner level,,"Ethical Standards And Conduct, Coaching, Emotional Intelligence, Empathy, Responsible AI, AI Personalization, LLM Application, Constructive Feedback",
https://www.coursera.org/learn/model-training--evaluation,Model Training & Evaluation,Coursera,,,Intermediate level,,"Applied Machine Learning, Machine Learning, Supervised Learning, Statistical Machine Learning",
https://www.coursera.org/specializations/data-science-for-healthcare,Data Science for Healthcare Specialization,SkillUp,,,Intermediate level,4 weeks to complete,"Dimensionality Reduction, Forecasting",
https://www.coursera.org/specializations/apply-ai-foundations-python-aws,Apply AI Foundations with Python and AWS Specialization,EDUCBA,,,Beginner level,4 weeks to complete,"Applied Machine Learning, Artificial Intelligence, Artificial Intelligence and Machine Learning (AI/ML), Data-Driven Decision-Making, Data Ethics, Data Manipulation, Data Preprocessing, Deep Learning, Machine Learning, Matplotlib, Model Evaluation, Regression Analysis, Responsible AI",
https://www.coursera.org/learn/packt-fundamentals-of-machine-learning-r8w1q,Fundamentals of Machine Learning,Packt,,,Beginner level,1 week to complete,,
https://www.coursera.org/learn/building-generative-ai-ready-organization,Building a Generative AI-Ready Organization,Amazon Web Services,"3,828",4.5,Beginner level,,"Technology Strategies, Project Implementation, AI Product Strategy, Operational Efficiency, Innovation, Program Implementation, Strategic Thinking, AI Enablement, Generative AI Agents, Strategic Planning, Competitive Intelligence, Data-Driven Decision-Making, Decision Making, Thought Leadership, Technology Solutions",96
https://www.coursera.org/learn/genai-for-cloud-support-associates,GenAI for Cloud Support Associates,Coursera,,,Intermediate level,,"System Monitoring, System Support, AI Enablement, Responsible AI, Data Ethics, Model Evaluation, Prompt Patterns, Strategic Planning, Technical Communication",
https://www.coursera.org/learn/neural-networks-deep-learning,Neural Networks and Deep Learning,DeepLearning.AI,"1,511,886",4.9,Intermediate level,3 weeks at 10 hours a week,"Convolutional Neural Networks, Artificial Neural Networks, Linear Algebra, Deep Learning, Supervised Learning, Applied Machine Learning, Recurrent Neural Networks (RNNs), Calculus","123,682"
https://www.coursera.org/specializations/ai-essentials-google,Google AI Essentials Specialization,Google,"1,640,638",4.8,Beginner level,,"Critical Thinking, Innovation, Technology Roadmaps","19,926"
https://www.coursera.org/specializations/machine-learning-trading,Machine Learning for Trading Specialization,Google Cloud,"42,894",3.8,Intermediate level,4 weeks to complete,"Applied Machine Learning, Artificial Intelligence and Machine Learning (AI/ML), Data Pipelines, Deep Learning, Financial Trading, Google Cloud Platform, Machine Learning, Machine Learning Algorithms, Machine Learning Methods, Model Evaluation, Portfolio Management, Recurrent Neural Networks (RNNs), Reinforcement Learning, Securities Trading, Statistical Machine Learning, Supervised Learning, Technical Analysis, Time Series Analysis and Forecasting","1,180"
https://www.coursera.org/learn/gcp-production-ml-systems,Production Machine Learning Systems,Google Cloud,"41,128",4.6,Advanced level,2 weeks at 10 hours a week,"Scalability, Google Cloud Platform, Hybrid Cloud Computing, Machine Learning, Performance Tuning, Distributed Computing, Systems Design, MLOps (Machine Learning Operations), Systems Architecture, Model Evaluation","1,031"
https://www.coursera.org/learn/developing-generative-ai-solutions,Developing Generative AI Solutions,Amazon Web Services,"2,098",4.5,Beginner level,,"Generative Model Architectures, Performance Measurement, Performance Improvement, Business Analysis, Retrieval-Augmented Generation, AI Enablement, Business Solutions, Large Language Modeling",36
https://www.coursera.org/learn/designing-autonomous-ai,Designing Autonomous AI,University of Washington,"3,542",4.8,Beginner level,1 week to complete,"Goal Setting, Process Design, Knowledge Transfer, Decision Making, Verification And Validation, Organizational Skills, Software Design Patterns, Software Architecture, Reinforcement Learning, Functional Design, Interviewing Skills, Artificial Intelligence",13
https://www.coursera.org/learn/pearson-aws-certified-ai-practitioner-aif-c01-video-course-1-asbvj,AWS Certified AI Practitioner (AIF-C01),Pearson,,4.6,Intermediate level,1 week to complete,"AI Security, Infrastructure Security, Artificial Intelligence, Model Evaluation, Governance, Responsible AI, Compliance Management, AI Enablement, Business Solutions, Machine Learning, Artificial Intelligence and Machine Learning (AI/ML)",19
https://www.coursera.org/learn/nail-regression--classification,Nail Regression & Classification,Coursera,,,Intermediate level,,"Machine Learning Methods, Business Analysis, Regression Analysis, Predictive Modeling, Logistic Regression, Advanced Analytics, Statistical Modeling, Data-Driven Decision-Making, Predictive Analytics, Model Evaluation, Applied Machine Learning, Data Analysis, Performance Metric",
https://www.coursera.org/learn/generative-ai-enhance-your-data-analytics-career,Generative AI: Enhance your Data Analytics Career,IBM,"33,947",4.6,Intermediate level,2 weeks at 10 hours a week,"Responsible AI, Data Ethics, Prompt Engineering Tools, Statistical Analysis, Data Storytelling, Data Visualization Software, Data Cleansing, Data Analysis, Data Manipulation, Analytics",175
https://www.coursera.org/learn/ai-agents-architecture-python,AI Agents and Agentic AI Architecture in Python,Vanderbilt University,"16,280",4.7,Beginner level,,"Plan Execution, Generative AI Agents, Coordination, Business Logic, Agentic systems, Transaction Processing, Large Language Modeling, Persona Development, Prompt Patterns, Document Management, File I/O, AI Security",120
https://www.coursera.org/learn/advanced-deep-learning-with-pytorch,Deep Learning with PyTorch,IBM,"19,810",4.5,Intermediate level,2 weeks at 10 hours a week,"Deep Learning, Convolutional Neural Networks, Model Evaluation, Artificial Neural Networks, Supervised Learning, Applied Machine Learning",89
https://www.coursera.org/learn/causal-inference,Causal Inference,Columbia University,"20,352",3.3,Advanced level,1 week to complete,"Logistic Regression, Data Collection, Probability & Statistics, Sampling (Statistics), Regression Analysis, Research Design, Experimentation, Machine Learning, Econometrics, Statistical Methods, Statistical Modeling, Statistical Inference, Program Evaluation",104
https://www.coursera.org/specializations/systematic-ml-optimization,Systematic ML Optimization Specialization,Coursera,,,Intermediate level,4 weeks to complete,"Algorithms, Applied Machine Learning, Artificial Neural Networks, Benchmarking, Computer Vision, Cost Management, Debugging, Deep Learning, Experimentation, Failure Mode And Effects Analysis, Image Analysis, Machine Learning, MLOps (Machine Learning Operations), Model Evaluation, Multimodal Prompts, Performance Analysis, Performance Tuning, Resource Utilization, Root Cause Analysis, Verification And Validation, Data Visualization",
https://www.coursera.org/specializations/introduction-to-healthcare-data-analytics,Introduction to Healthcare Data Analytics Specialization,SkillUp,,,Intermediate level,4 weeks to complete,"Data Analysis, Data Literacy, Data Presentation, Data Storytelling, Data Visualization Software, Health Care, Health Informatics, Health Technology, Healthcare Ethics, Healthcare Industry Knowledge, Interactive Data Visualization, Looker (Software), Predictive Analytics, Regression Analysis, Statistical Analysis, Statistical Hypothesis Testing, Statistics, Supervised Learning, Technical Communication, Data Visualization",
https://www.coursera.org/learn/deep-learning-fundamentals-ai,Become AI-Ready: Deep Learning Fundamentals,LearnKartS,,,Beginner level,,"Deep Learning, Artificial Intelligence and Machine Learning (AI/ML), Artificial Neural Networks, Recurrent Neural Networks (RNNs), Machine Learning",
https://www.coursera.org/professional-certificates/fractal-data-science,Fractal Data Science  Professional Certificate,Fractal Analytics,"14,322",4.5,Beginner level,5 months at 10 hours a week,"Critical Thinking, Data Analysis Expressions (DAX), Data Manipulation, Data Presentation, Data Storytelling, Data Wrangling, Database Design, Decision Making, Feature Engineering, Human Centered Design, Interactive Data Visualization, Machine Learning, Model Evaluation, Problem Solving, SQL, Storyboarding, Data Visualization",538
https://www.coursera.org/learn/evaluate-and-apply-ethical-ai-models,Evaluate and Apply Ethical AI Models,Coursera,,,Intermediate level,,,
https://www.coursera.org/learn/packt-rnn-architecture-and-sentiment-classification-onidw,RNN Architecture and Sentiment Classification,Packt,,,Intermediate level,,"Artificial Neural Networks, Natural Language Processing, Network Architecture, Applied Machine Learning, Deep Learning, Recurrent Neural Networks (RNNs), Text Mining, Machine Learning",
https://www.coursera.org/professional-certificates/google-advanced-data-analytics,Google Advanced Data Analytics Professional Certificate,Google,"273,206",4.8,Advanced level,"Learn in-demand skills like statistical analysis, Python, regression models, and machine learning in less than 6 months.","Exploratory Data Analysis, Feature Engineering, Interviewing Skills, Machine Learning, Object Oriented Programming (OOP), Regression Analysis, Sampling (Statistics), Statistical Analysis, Statistical Hypothesis Testing, Statistics, Tableau Software, Data Visualization, A/B Testing, Data Analysis, Data Ethics, Data Presentation, Data Science, Data Storytelling, Data Visualization Software","10,485"
https://www.coursera.org/learn/packt-mastering-python-for-data-science,Mastering Python for Data Science,Packt,,,Intermediate level,2 weeks to complete,"Analytics, Object Oriented Programming (OOP), Statistics, Data Preprocessing, HTML and CSS, Data Science, Machine Learning, Data Visualization, Data Mapping, Random Forest Algorithm, Big Data, Data Analysis, Data Manipulation, Probability & Statistics, Regression Analysis, Statistical Inference",
https://www.coursera.org/learn/data-intelligence-imtbs,Data intelligence for businesses and managers,Institut Mines-Télécom,"1,581",,Beginner level,1 week to complete,"Data Visualization, Artificial Intelligence, Business Analytics, Data Literacy, Data-Driven Decision-Making, Business Intelligence, Data Management, Data Governance, Data Modeling, Big Data, Data Analysis, Data Strategy, Business Strategy, Information Privacy, Data Quality, Information Management, Digital Transformation, General Data Protection Regulation (GDPR)",
https://www.coursera.org/learn/introduction-to-ai-and-technology-in-sports,Introduction to AI and Technology in Sports,Real Madrid Graduate School Universidad Europea,,,Beginner level,2 weeks to complete,"Real Time Data, Technology Strategies, Machine Learning, Data Analysis Software, Natural Language Processing, Artificial Intelligence, AI Enablement, Technology Solutions, AI Security, Sports Medicine, Responsible AI, Data Analysis, Statistical Methods, Performance Appraisal, Deep Learning, Large Language Modeling, Data Ethics, Health Technology, Analytics",
https://www.coursera.org/learn/ai-agents-from-prompts-to-multi-agent-systems,AI Agents: From Prompts to Multi-Agent Systems,"University of California, Davis","13,229",4.7,Beginner level,,"Innovation, Artificial Intelligence, Responsible AI, Agentic systems, Algorithms",138
https://www.coursera.org/professional-certificates/ibm-machine-learning,IBM Machine Learning Professional Certificate,IBM,"107,596",4.6,Intermediate level,3 months to complete,"Convolutional Neural Networks, Data Analysis, Data Preprocessing, Data Science, Deep Learning, Dimensionality Reduction, Exploratory Data Analysis, Feature Engineering, Machine Learning, Recurrent Neural Networks (RNNs), Regression Analysis, Reinforcement Learning, Statistical Methods, Supervised Learning, Time Series Analysis and Forecasting, Unsupervised Learning","3,599"
https://www.coursera.org/learn/generative-deep-learning-with-tensorflow,Generative Deep Learning with TensorFlow,DeepLearning.AI,"24,136",4.9,Intermediate level,2 weeks at 10 hours a week,"Generative Model Architectures, Image Analysis, Deep Learning, Artificial Neural Networks, Transfer Learning, Convolutional Neural Networks",315
https://www.coursera.org/learn/microsoft-big-data-machine-learning,Data Analytics and Machine Learning for Big Data,Microsoft,,,Intermediate level,3 weeks to complete,"Text Mining, Natural Language Processing, Supervised Learning, Big Data, Distributed Computing, Model Evaluation, Machine Learning, Unstructured Data, Transfer Learning, Scalability, Unsupervised Learning, Deep Learning, Feature Engineering, Artificial Intelligence and Machine Learning (AI/ML)",
https://www.coursera.org/specializations/ibm-ai-workflow,IBM AI Enterprise Workflow Specialization,IBM ,"12,323",4.4,Advanced level,2 months to complete,"Application Deployment, Data Ethics, Data Presentation, Data Science, Design Thinking, Dimensionality Reduction, Exploratory Data Analysis, Feature Engineering, Machine Learning, MLOps (Machine Learning Operations), Model Evaluation, Probability Distribution, Statistical Hypothesis Testing, Supervised Learning, Unsupervised Learning, Data Visualization",359
https://www.coursera.org/specializations/ai-agents-java,AI Agents in Java with Generative AI  Specialization,Vanderbilt University,"2,396",4.8,Beginner level,2 months to complete,"Agentic systems, AI Enablement, Artificial Intelligence, Creativity, Document Management, Generative AI Agents, Java, Large Language Modeling, LLM Application, Productivity, Prompt Patterns, Tool Calling","7,757"
https://www.coursera.org/learn/analyze-apply-generative-ai-research-development,Analyze and Apply Generative AI in Research & Development,EDUCBA,,,Beginner level,,"Analytics, Complex Problem Solving, Responsible AI, Scalability, Big Data",
https://www.coursera.org/learn/ai-and-climate-change,AI and Climate Change,DeepLearning.AI,"11,673",4.8,Beginner level,2 weeks at 10 hours a week,"Computer Vision, Environmental Science, Artificial Neural Networks, Predictive Modeling, Environmental Monitoring, Climate Change Mitigation, Forecasting, Convolutional Neural Networks, Model Evaluation, Artificial Intelligence, Data Preprocessing, Applied Machine Learning, Image Analysis, Supervised Learning",142
https://www.coursera.org/learn/deepseek-essentials-from-foundations-to-real-world-use,DeepSeek Essentials: From Foundations to Real-World Use,Board Infinity ,,,Beginner level,,"AI Personalization, Open Source Technology, Analytical Skills, Deep Learning, LLM Application, Applied Machine Learning, Business Modeling, Large Language Modeling, AI Enablement, Business Process Automation",
https://www.coursera.org/learn/rh-dados-e-inteligencia-artificial,"RH, Dados e Inteligência Artificial",Fundação Instituto de Administração,,4.7,Beginner level,3 weeks to complete,"Deep Learning, People Analytics, Machine Learning, Digital Transformation, Artificial Intelligence, HR Tech, Automation, Human Resources, Human Resource Strategy, Data-Driven Decision-Making, Artificial Neural Networks",24
https://www.coursera.org/learn/ai-for-executives-ai-for-crm,AI for Executives: AI for Customer Relationship Management,Khalifa University,,,Beginner level,,"Customer Insights, Change Management, Technology Roadmaps, AI Personalization, Data Integration, Artificial Intelligence, Sales Management, AI Enablement, Large Language Modeling, Customer experience improvement, Advanced Analytics, Customer Data Management, Network Analysis, Customer Engagement, Sales Enablement, Predictive Analytics, User Feedback, AI Product Strategy",
https://www.coursera.org/learn/analyze-business-data-using-advanced-power-bi-techniques,Analyze Business Data Using Advanced Power BI Techniques,EDUCBA,,,Beginner level,,"Business Reporting, Analysis, Data Management, Analytical Skills, Data Manipulation, Data Modeling, Security Awareness",
https://www.coursera.org/learn/build-no-code-data-workflow,Build Your First No-Code Data Workflow,Edureka,,,Beginner level,1 week to complete,"Business Analytics, Data Processing, Data Science, Data Collection, Data Visualization, Data Cleansing, Machine Learning, Data Analysis, Data Quality, Feature Engineering, Data Validation, Data Analysis Software",
https://www.coursera.org/learn/introduction-to-business-analytics,Introduction to Business Analytics,Tableau Learning Partner,"60,708",4.7,Beginner level,2 weeks at 10 hours a week,"Data Analysis, Analytics, Business Intelligence, Business Analytics, Data Literacy, Project Management, Data Presentation, Predictive Analytics, Data-Driven Decision-Making, Tableau Software, Descriptive Analytics, Business Process, Business Analysis",496
https://www.coursera.org/learn/guided-tour-machine-learning-finance,Guided Tour of Machine Learning in Finance,New York University,"38,788",3.8,Intermediate level,2 weeks at 10 hours a week,"Model Evaluation, Statistical Methods, Regression Analysis, Predictive Modeling, Artificial Neural Networks, Applied Machine Learning, Deep Learning, Machine Learning, Financial Market, Logistic Regression, Reinforcement Learning, Finance, Supervised Learning",681
https://www.coursera.org/learn/bigdataanalysis,大數據分析：商業應用與策略管理 (Big Data Analytics: Business Applications and Strategic Decisions),National Taiwan University,"25,520",4.8,Beginner level,2 weeks at 10 hours a week,"Business, Marketing Strategies, Social Media, Marketing Analytics, Customer Insights, Retail Store Operations, Consumer Behaviour, Big Data, Market Analysis, Strategic Decision-Making, Market Research, Data-Driven Decision-Making, Financial Data, Analytics, Business Analytics, Brand Management, Financial Services, Business Intelligence, Banking",414
https://www.coursera.org/learn/introduccion-a-la-inteligencia-artificial-contemporanea,Introducción a la inteligencia artificial contemporánea,Universidad de los Andes,"21,755",4.6,Beginner level,2 weeks at 10 hours a week,"Embedded Systems, Data Ethics, Reinforcement Learning, Image Analysis, Semantic Web, Artificial Intelligence, Deep Learning, Computer Vision, Natural Language Processing, Supervised Learning, Algorithms, Machine Learning",317
https://www.coursera.org/learn/responsible-ai-transparency--ethics,Responsible AI: Transparency & Ethics,Coursera,,,Intermediate level,,"AI Enablement, Auditing, Governance, Ethical Standards And Conduct, Model Evaluation, Artificial Intelligence, Mitigation, Compliance Management, Data Ethics, Risk Mitigation, Risk Management Framework, Responsible AI",
https://www.coursera.org/learn/probabilistic-graphical-models-3-learning,Probabilistic Graphical Models 3: Learning,Stanford University,"22,442",4.6,Advanced level,7 weeks to complete,"Bayesian Statistics, Markov Model, Algorithms, Statistical Modeling, Statistical Methods, Applied Machine Learning, Model Evaluation, Machine Learning, Bayesian Network, Machine Learning Algorithms, Probability Distribution",304
https://www.coursera.org/learn/google-ai-for-data-analysis,AI for Data Analysis,Google,"19,282",4.9,Beginner level,,"Trend Analysis, Big Data, Data-Driven Decision-Making, Artificial Intelligence, Data Visualization, Data Analysis, Responsible AI, Spreadsheet Software",66
https://www.coursera.org/learn/generative-ai-essentials,Generative AI Essentials: Overview and Impact,University of Michigan,"37,461",4.7,Beginner level,,"Business Ethics, Social Impact, Culture, Large Language Modeling, Artificial Intelligence, Intellectual Property, Artificial Intelligence and Machine Learning (AI/ML), Law, Regulation, and Compliance, Business Economics, Data Ethics, Responsible AI",327
https://www.coursera.org/learn/data-analytics-business,Introduction to Data Analytics for Business,University of Colorado Boulder,"195,302",4.7,Beginner level,1 week at 10 hours a week,"Data Quality, Organizational Structure, Big Data, Data Ethics, Business Intelligence, SQL, Data-Driven Decision-Making, Data Management, Business Analytics, Cloud Computing, Analytics, Data Governance, Data Storage, Data Access, Data Analysis","3,181"
https://www.coursera.org/learn/the-nuts-and-bolts-of-machine-learning,The Nuts and Bolts of Machine Learning,Google,"73,153",4.8,Advanced level,3 weeks at 10 hours a week,"Predictive Modeling, Model Evaluation, Statistical Modeling, Decision Tree Learning, Advanced Analytics, Data Analysis, Machine Learning, Machine Learning Algorithms, Random Forest Algorithm, Applied Machine Learning, Unsupervised Learning, Bayesian Network, Feature Engineering, Analytics, Supervised Learning",610
https://www.coursera.org/learn/machine-learning-foundations-for-product-managers,Machine Learning Foundations for Product Managers,Duke University,"70,839",4.7,Intermediate level,2 weeks at 10 hours a week,"Model Evaluation, Computer Vision, Logistic Regression, Random Forest Algorithm, Unsupervised Learning, Supervised Learning, Regression Analysis, Deep Learning, Classification And Regression Tree (CART), Data Science, Artificial Intelligence and Machine Learning (AI/ML), Convolutional Neural Networks, Decision Tree Learning, Machine Learning, Algorithms, Predictive Analytics, Natural Language Processing",770
https://www.coursera.org/learn/google-ai-for-brainstorming-and-planning,AI for Brainstorming and Planning,Google,"36,652",4.8,Beginner level,,"Coordinating, LLM Application, Product Roadmaps, Business Planning, Operational Analysis, Project Management, Planning, Dependency Analysis, Artificial Intelligence, Organizational Skills, Project Schedules, Knowledge Transfer, Strategic Planning, Timelines, Responsible AI, Brainstorming, Cross-Functional Collaboration",94
https://www.coursera.org/learn/social-network-analysis,Social Network Analysis,"University of California, Davis","18,730",4.7,Beginner level,1 week to complete,"Social Sciences, Social Network Analysis, Predictive Analytics, Data Manipulation, Statistical Visualization, Data Wrangling, Data Analysis, Graph Theory, Simulations, Data Visualization, Network Analysis",243
https://www.coursera.org/learn/sourcinganalytics,Sourcing Analytics,Rutgers the State University of New Jersey,"3,798",4.6,Beginner level,1 week to complete,"Business Analytics, Supplier Performance Management, Strategic Sourcing, Supply Chain, Business Intelligence, Competitive Analysis, Analytics, Supply Management, Financial Analysis, Supply Chain Management, Supplier Management, Benchmarking, Procurement",21
https://www.coursera.org/professional-certificates/snowflake-data-engineering,Snowflake Data Engineering Professional Certificate,Snowflake,"10,892",4.8,Beginner level,4 weeks to complete,"Application Development, Artificial Intelligence and Machine Learning (AI/ML), Change Control, CI/CD, Cloud Development, Data Analysis, Data Integration, Data Manipulation, Data Pipelines, Data Transformation, Data Warehousing, Databases, Database Management, DevOps, Extract, Transform, Load, Data Engineering, Software Development Tools, SQL, Stored Procedure",335
https://www.coursera.org/specializations/building-smarter-data-pipelines-sql-spark-kafka-and-genai,"Building Smarter Data Pipelines: SQL, Spark, Kafka & GenAI  Specialization",Coursera,"1,524",4.3,Intermediate level,4 weeks to complete,"Business Intelligence, Cloud Computing Architecture, Data Governance, Data Modeling, Data Pipelines, Data Quality, Data Warehousing, Extract, Transform, Load, Performance Tuning, Quality Management, Real Time Data, Responsible AI, Snowflake Schema, SQL, Star Schema",95
https://www.coursera.org/specializations/responsible-generative-ai,Responsible Generative AI Specialization,University of Michigan,"7,704",4.7,Beginner level,4 weeks to complete,"AI Enablement, AI Product Strategy, Artificial Intelligence, Automation, Business Operations, Business Risk Management, Compliance Management, Consumer Behaviour, Data Ethics, Data Governance, Governance, Human Resources, Leadership and Management, Operations, Responsible AI, Risk Analysis, Risk Management, Social Impact, Stakeholder Management",337
https://www.coursera.org/learn/identifying-right-datascience-ai-role,Identifying the Right Role for Yourself,"University of California, Irvine",,,Beginner level,,"Cloud Engineering, Artificial Intelligence, Data Architecture, Artificial Intelligence and Machine Learning (AI/ML), Data Analysis, Cloud Computing Architecture, Data Science, Machine Learning, Analytical Skills, Big Data, Business Analytics, Business Analysis",
https://www.coursera.org/specializations/qlik-sense-for-business-intelligence,Qlik Sense for Business Intelligence Specialization,Coursera,,4.7,Advanced level,4 weeks to complete,"Advanced Analytics, Business Intelligence, Business Intelligence Software, Customer Analysis, Data Analysis, Data-Driven Decision-Making, Data Integration, Data Modeling, Data Storytelling, Data Transformation, Data Validation, Data Visualization Software, Decision Support Systems, Exploratory Data Analysis, Interactive Data Visualization, Spatial Data Analysis, Statistical Analysis, Data Visualization",88
https://www.coursera.org/specializations/generative-adversarial-networks-gans,Generative Adversarial Networks (GANs) Specialization,DeepLearning.AI,"47,720",4.7,Intermediate level,2 months to complete,"Artificial Neural Networks, Convolutional Neural Networks, Data Ethics, Data Synthesis, Deep Learning, Generative Model Architectures, Image Analysis, Image Quality, Information Privacy, Machine Learning, Model Evaluation, Responsible AI, Unsupervised Learning","2,370"
https://www.coursera.org/learn/ai-agents-model-context-protocol,AI Agents with Model Context Protocol,Vanderbilt University,"2,376",,Beginner level,,"AI Personalization, AI Enablement, AI Security, Generative AI Agents, Artificial Intelligence, Context Management, Tool Calling, Artificial Intelligence and Machine Learning (AI/ML), AI Product Strategy, Multimodal Prompts, Prompt Patterns, Agentic systems",
https://www.coursera.org/learn/apply-power-bi-projects-for-data-analytics,Apply Power BI Projects for Data Analytics,EDUCBA,,,Beginner level,,"Ad Hoc Reporting, Management Reporting, Performance Analysis, Trend Analysis, Customer Analysis, Marketing Analytics, Real Time Data",
https://www.coursera.org/learn/responsible-ai-and-ethics,"Trustworthy AI: Managing Bias, Ethics, and Accountability",Johns Hopkins University,"2,177",4.4,Intermediate level,2 weeks to complete,"Analysis, Business Ethics, Risk Mitigation, Decision Making, Data Ethics, Artificial Intelligence, Artificial Intelligence and Machine Learning (AI/ML), Risk Analysis, Machine Learning, Workforce Management, Responsible AI, Case Studies, Law, Regulation, and Compliance, Accountability",12
https://www.coursera.org/professional-certificates/tensorflow-in-practice,DeepLearning.AI TensorFlow Developer Professional Certificate,DeepLearning.AI,"221,190",4.7,Intermediate level,2 months to complete,"Applied Machine Learning, Artificial Neural Networks, Computer Vision, Convolutional Neural Networks, Data Preprocessing, Deep Learning, Embeddings, Forecasting, Image Analysis, Machine Learning, Model Evaluation, Natural Language Processing, Predictive Modeling, Recurrent Neural Networks (RNNs), Time Series Analysis and Forecasting, Transfer Learning","25,382"
https://www.coursera.org/learn/agentic-ai,Agentic AI and AI Agents: A Primer for Leaders,Vanderbilt University,"90,431",4.7,Beginner level,,"Tool Calling, Responsible AI, Agentic systems, AI Product Strategy, AI Personalization, Artificial Intelligence, Automation, AI Enablement, Generative AI Agents, Emerging Technologies, Business Process Automation, Workflow Management","1,212"
https://www.coursera.org/learn/machine-learning-h2o,Practical Machine Learning on H2O,H2O.ai,"8,773",4.5,Intermediate level,3 weeks to complete,"Data Manipulation, Supervised Learning, Model Evaluation, Deep Learning, Unsupervised Learning, Data Preprocessing, Random Forest Algorithm, Machine Learning, Decision Tree Learning, Anomaly Detection, Dimensionality Reduction, Applied Machine Learning, Predictive Modeling, Feature Engineering",74
https://www.coursera.org/specializations/data-warehousing,Data Warehousing for Business Intelligence Specialization,University of Colorado System,"68,322",4.5,Advanced level,8 months to complete,"Business Analytics, Business Intelligence, Data Governance, Data Integration, Data Modeling, Data Warehousing, Database Design, Database Management, Decision Support Systems, Extract, Transform, Load, Operational Performance Management, Performance Measurement, SQL, Star Schema, Data Visualization","4,125"
https://www.coursera.org/learn/introduction-to-machine-learning-supervised-learning,Introduction to Machine Learning: Supervised Learning,University of Colorado Boulder,"2,477",4.0,Intermediate level,2 weeks to complete,Data Preprocessing,11
https://www.coursera.org/specializations/edge-ai-mcu,Edge AI for Microcontrollers Specialization,Edge Impulse,,4.8,Intermediate level,8 weeks to complete,"AI Product Strategy, Anomaly Detection, Applied Machine Learning, Artificial Intelligence, Artificial Intelligence and Machine Learning (AI/ML), Cloud Computing, Computer Vision, Convolutional Neural Networks, Data Science, Embedded Systems, Industrial Engineering, Internet Of Things, Machine Learning, Machine Learning Methods, MLOps (Machine Learning Operations), Product Development, Product Engineering, Prototyping",883
https://www.coursera.org/learn/genai-for-sales-operations-specialists,GenAI for Sales Operations Specialists,Coursera,,,Intermediate level,,"Data-Driven Decision-Making, Data Ethics, Sales Operations, Sales, Sales Enablement, Strategic Decision-Making, Sales Management, Forecasting, Sales Strategy, Responsible AI, Sales Process, Generative AI Agents, Customer Relationship Management",
https://www.coursera.org/learn/human-factors-in-artificial-intelligence,Human Factors in AI,Duke University,"18,822",4.7,Beginner level,2 weeks to complete,"Data Ethics, AI Product Strategy, Human Centered Design, Responsible AI, Artificial Intelligence, Human Factors, Machine Learning, User Experience Design, Design Thinking, Information Privacy, Personally Identifiable Information, General Data Protection Regulation (GDPR), Human Computer Interaction",209
https://www.coursera.org/specializations/probabilistic-graphical-models,Probabilistic Graphical Models  Specialization,Stanford University,"27,862",4.6,Advanced level,4 months to complete,"Algorithms, Applied Machine Learning, Bayesian Network, Bayesian Statistics, Computational Thinking, Decision Support Systems, Graph Theory, Machine Learning, Machine Learning Algorithms, Machine Learning Methods, Markov Model, Model Evaluation, Network Analysis, Network Model, Probability & Statistics, Probability Distribution, Sampling (Statistics), Statistical Inference, Statistical Methods, Statistical Modeling","1,549"
https://www.coursera.org/learn/ai-and-deep-learning-concepts-and-applications,AI & Deep Learning Concepts and Applications,Simplilearn,"2,764",,Beginner level,Can I learn AI in 3 months?,"Computer Programming, Artificial Intelligence, Unsupervised Learning, Responsible AI, Data Ethics, Natural Language Processing, Applied Machine Learning, Artificial Neural Networks, Supervised Learning, Deep Learning, Machine Learning, Reinforcement Learning",
https://www.coursera.org/learn/the-path-to-insights-data-models-and-pipelines,The Path to Insights: Data Models and Pipelines,Google,"69,995",4.7,Advanced level,2 weeks at 10 hours a week,"Performance Testing, Data Quality, Database Management, Data Pipelines, Business Intelligence, Data Transformation, Data Mart, Data Warehousing, Data Management, Data Modeling, Database Design, Extract, Transform, Load, Process Optimization",713
https://www.coursera.org/learn/ai-deep-learning-capstone,AI Capstone Project with Deep Learning,IBM,"41,195",4.5,Advanced level,2 weeks at 10 hours a week,"Transfer Learning, Geospatial Information and Technology, Deep Learning, Model Evaluation, Data Pipelines, Convolutional Neural Networks, Machine Learning, Data Preprocessing, Computer Vision",689
https://www.coursera.org/learn/crystal-reports-charts-functionality-enhancements-lo095028,Crystal Reports: Charts and Functionality Enhancements,Logical Operations,,,,,"Graphing, Plot (Graphics), Data Analysis, Business Intelligence Software, Geospatial Mapping, Data Analysis Software, Statistical Visualization, Data Visualization, Pivot Tables And Charts, Data Presentation, Business Reporting, Business Intelligence, Data Visualization Software",
https://www.coursera.org/learn/security-compliance-and-governance-for-ai-solutions,"Security, Compliance, and Governance for AI Solutions",Amazon Web Services,"5,167",4.4,Beginner level,,"Security Controls, Cloud Security, Responsible AI, AI Security, Data Governance, Information Systems Security, Cyber Governance",109
